alpha,beta,execution_time,error
,,44.26405692100525,
,,44.26405692100525,
,,44.26405692100525,
