alpha,beta,execution_time,error
,,44.32402944564819,
,,44.32402944564819,
,,44.32402944564819,
,,44.32402944564819,
,,44.32402944564819,
,,44.32402944564819,
