alpha,beta,execution_time,error
1.1179218e-06,0.8242804,49.07347345352173,1351.8183962382143
-0.120951496,-0.5661818,49.07347345352173,1351.8183962382143
