alpha,beta,execution_time,error
0.010332942,0.7070046,45.22544312477112,134.73326760084592
-0.03847246,0.70720893,45.22544312477112,134.73326760084592
