alpha,beta,execution_time,error
-0.0010667075,0.058403615,46.04830884933472,111.1134962672529
0.0018198154,0.33169135,46.04830884933472,111.1134962672529
0.03805615,0.33407477,46.04830884933472,111.1134962672529
-0.001839996,0.1623943,46.04830884933472,111.1134962672529
-0.0010238537,0.7995513,46.04830884933472,111.1134962672529
0.009560986,0.3306203,46.04830884933472,111.1134962672529
