alpha,beta,execution_time,error
,,57.891826152801514,
,,57.891826152801514,
,,57.891826152801514,
,,57.891826152801514,
,,57.891826152801514,
,,57.891826152801514,
,,57.891826152801514,
,,57.891826152801514,
,,57.891826152801514,
,,57.891826152801514,
,,57.891826152801514,
,,57.891826152801514,
,,57.891826152801514,
,,57.891826152801514,
