alpha,beta,execution_time,error
-0.63384426,0.5099255,42.45255446434021,21265.33226860142
-0.008497867,0.8602185,42.45255446434021,21265.33226860142
