alpha,beta,execution_time,error
,,44.12794876098633,
,,44.12794876098633,
,,44.12794876098633,
