alpha,beta,execution_time,error
-7.095645e-05,0.000109216446,45.42958688735962,41175.55805499204
0.50182503,0.40714428,45.42958688735962,41175.55805499204
-0.00034661093,0.00039683463,45.42958688735962,41175.55805499204
-0.059023645,-0.8159583,45.42958688735962,41175.55805499204
-0.00087496516,0.00048393672,45.42958688735962,41175.55805499204
-0.49520373,0.41041586,45.42958688735962,41175.55805499204
0.0006229142,-0.001214274,45.42958688735962,41175.55805499204
-0.0015702879,-0.0015993564,45.42958688735962,41175.55805499204
