alpha,beta,execution_time,error
0.495802,0.41242853,61.10137677192688,68100.5909246821
0.5180458,0.4195885,61.10137677192688,68100.5909246821
-0.49590442,0.56837237,61.10137677192688,68100.5909246821
0.4728409,0.575153,61.10137677192688,68100.5909246821
