alpha,beta,execution_time,error
0.0005621599,-0.4842186,53.98062062263489,1353.243433702999
-0.00060485164,-0.0044430313,53.98062062263489,1353.243433702999
0.0006453601,-0.026589938,53.98062062263489,1353.243433702999
-0.0005000292,-0.23261541,53.98062062263489,1353.243433702999
0.119221985,0.68550456,53.98062062263489,1353.243433702999
-0.0005058106,0.050041642,53.98062062263489,1353.243433702999
0.0005117061,-0.040871248,53.98062062263489,1353.243433702999
0.010918479,0.36694074,53.98062062263489,1353.243433702999
0.000478259,-0.3193101,53.98062062263489,1353.243433702999
