alpha,beta,execution_time,error
-0.49513987,0.40794638,53.44818925857544,6330.773260458789
0.00034004054,-0.0002251346,53.44818925857544,6330.773260458789
0.090880506,-0.8158316,53.44818925857544,6330.773260458789
0.00024353282,0.00017059845,53.44818925857544,6330.773260458789
-0.49249935,0.4098736,53.44818925857544,6330.773260458789
-0.0006256768,-0.00031094078,53.44818925857544,6330.773260458789
0.0027003442,-0.0013443226,53.44818925857544,6330.773260458789
0.00052675535,0.0003452927,53.44818925857544,6330.773260458789
