alpha,beta,execution_time,error
0.0007991355,-0.00092673575,44.518723011016846,41306.72532119868
-0.059357457,-0.8134341,44.518723011016846,41306.72532119868
-0.0015164025,0.0011432212,44.518723011016846,41306.72532119868
-0.4961148,0.41217077,44.518723011016846,41306.72532119868
-0.0003612489,0.002402776,44.518723011016846,41306.72532119868
-0.0036699518,-0.0020933773,44.518723011016846,41306.72532119868
0.0015974883,-0.0009298415,44.518723011016846,41306.72532119868
0.5042451,0.4103985,44.518723011016846,41306.72532119868
