alpha,beta,execution_time,error
0.00051078154,0.358035,54.47427439689636,1348.8488123937216
0.006456222,-0.2308001,54.47427439689636,1348.8488123937216
0.0005794504,0.528778,54.47427439689636,1348.8488123937216
0.006130348,-0.3199428,54.47427439689636,1348.8488123937216
0.00091085257,0.27201644,54.47427439689636,1348.8488123937216
0.12068542,-0.602146,54.47427439689636,1348.8488123937216
