alpha,beta,execution_time,error
-0.00066146936,-0.4967228,49.00282287597656,3371.670665780647
-7.8307814e-05,-0.012405356,49.00282287597656,3371.670665780647
0.46810508,0.5181391,49.00282287597656,3371.670665780647
-0.0011436462,-0.45697603,49.00282287597656,3371.670665780647
0.00074980763,-0.0665664,49.00282287597656,3371.670665780647
0.52445036,0.5209474,49.00282287597656,3371.670665780647
