alpha,beta,execution_time,error
0.004620895,0.6894977,57.902385234832764,1610.6567266107545
-0.004170074,0.46331042,57.902385234832764,1610.6567266107545
-0.09242162,0.55671936,57.902385234832764,1610.6567266107545
