alpha,beta,execution_time,error
-0.0006831179,-0.011508896,47.552287578582764,34871.579223973524
-0.30755875,-0.48023632,47.552287578582764,34871.579223973524
-0.0045172703,0.3875467,47.552287578582764,34871.579223973524
0.0040850365,0.14380392,47.552287578582764,34871.579223973524
0.003501769,0.038664423,47.552287578582764,34871.579223973524
0.0059064,0.60043967,47.552287578582764,34871.579223973524
0.5557241,-0.47797465,47.552287578582764,34871.579223973524
0.002472115,-0.038152073,47.552287578582764,34871.579223973524
0.0008252674,-0.08019115,47.552287578582764,34871.579223973524
