alpha,beta,execution_time,error
0.49596828,0.412276,60.459887742996216,68134.95442167406
0.5180337,0.41917062,60.459887742996216,68134.95442167406
-0.49625444,0.5685437,60.459887742996216,68134.95442167406
0.47348782,0.5753976,60.459887742996216,68134.95442167406
