alpha,beta,execution_time,error
,,57.318647146224976,
,,57.318647146224976,
,,57.318647146224976,
,,57.318647146224976,
,,57.318647146224976,
,,57.318647146224976,
,,57.318647146224976,
,,57.318647146224976,
,,57.318647146224976,
,,57.318647146224976,
,,57.318647146224976,
,,57.318647146224976,
