alpha,beta,execution_time,error
-0.0006154467,0.85878485,58.25789403915405,1610.2350704293817
-0.09242246,0.5123363,58.25789403915405,1610.2350704293817
