alpha,beta,execution_time,error
0.00054947386,-0.11615636,44.607603311538696,134.70014395622312
-0.01028621,-0.36463988,44.607603311538696,134.70014395622312
0.003376555,0.8548978,44.607603311538696,134.70014395622312
0.03847164,-0.35027894,44.607603311538696,134.70014395622312
