alpha,beta,execution_time,error
-0.6337543,0.5091981,42.42514944076538,21266.29891859098
-0.0086018015,0.8606493,42.42514944076538,21266.29891859098
