alpha,beta,execution_time,error
-0.41982386,0.70613265,48.281240463256836,24621.522867459666
-0.41982517,0.7080797,48.281240463256836,24621.522867459666
