alpha,beta,execution_time,error
-0.086231016,-0.44961527,47.82755970954895,964.4997403844291
0.0010849417,0.009545743,47.82755970954895,964.4997403844291
-0.0004563745,0.036149915,47.82755970954895,964.4997403844291
0.0006380283,0.020780008,47.82755970954895,964.4997403844291
0.032095876,-0.42875206,47.82755970954895,964.4997403844291
-0.0011901741,0.027735395,47.82755970954895,964.4997403844291
-0.024043908,0.78176856,47.82755970954895,964.4997403844291
-0.00050062337,0.016021,47.82755970954895,964.4997403844291
