alpha,beta,execution_time,error
-0.0013970406,0.053767517,50.88136649131775,20739.21408938425
-0.005917823,0.8311241,50.88136649131775,20739.21408938425
-0.0004585217,0.029144889,50.88136649131775,20739.21408938425
0.013157463,-0.28731164,50.88136649131775,20739.21408938425
-0.011476252,-0.30629486,50.88136649131775,20739.21408938425
0.00055641495,-0.1458182,50.88136649131775,20739.21408938425
0.0007318078,0.046846703,50.88136649131775,20739.21408938425
0.0011190508,0.048754215,50.88136649131775,20739.21408938425
-0.7067833,-0.3213924,50.88136649131775,20739.21408938425
