alpha,beta,execution_time,error
0.046013188,0.3822267,53.79345941543579,986.7707854353507
0.0009418167,0.0131963,53.79345941543579,986.7707854353507
0.042814307,-0.49340862,53.79345941543579,986.7707854353507
-0.013021627,-0.3607936,53.79345941543579,986.7707854353507
-0.013249152,0.36625388,53.79345941543579,986.7707854353507
-0.038784664,0.4683728,53.79345941543579,986.7707854353507
-0.00033168308,-0.01481222,53.79345941543579,986.7707854353507
0.045954656,-0.35548487,53.79345941543579,986.7707854353507
0.00021297536,0.000793074,53.79345941543579,986.7707854353507
