alpha,beta,execution_time,error
-0.000544391,-0.027890362,46.14902353286743,134.8080972457073
-0.0009418057,-0.15838958,46.14902353286743,134.8080972457073
0.0014400787,-0.13534229,46.14902353286743,134.8080972457073
-0.009996627,-0.23046526,46.14902353286743,134.8080972457073
-0.0017702427,-0.15726854,46.14902353286743,134.8080972457073
-0.0034222298,0.9083054,46.14902353286743,134.8080972457073
0.00030270897,0.035867546,46.14902353286743,134.8080972457073
0.038080893,-0.2272982,46.14902353286743,134.8080972457073
