alpha,beta,execution_time,error
,,45.115071535110474,
,,45.115071535110474,
,,45.115071535110474,
,,45.115071535110474,
,,45.115071535110474,
,,45.115071535110474,
,,45.115071535110474,
