alpha,beta,execution_time,error
-0.011514482,-0.23103221,57.380139112472534,21981.51480441344
-0.0001410748,0.1150076,57.380139112472534,21981.51480441344
0.14452884,-0.39711234,57.380139112472534,21981.51480441344
-0.6114333,-0.39374653,57.380139112472534,21981.51480441344
-0.0013324572,-0.045978326,57.380139112472534,21981.51480441344
-0.0011098295,0.6687689,57.380139112472534,21981.51480441344
-0.0014293502,0.40999064,57.380139112472534,21981.51480441344
-0.0016559751,0.05412725,57.380139112472534,21981.51480441344
0.000600191,-0.01657821,57.380139112472534,21981.51480441344
