alpha,beta,execution_time,error
0.49981287,0.40574688,46.50163269042969,41155.906189335874
0.059277836,-0.81619555,46.50163269042969,41155.906189335874
-0.49654025,0.41132444,46.50163269042969,41155.906189335874
-0.0021992794,-0.0025740215,46.50163269042969,41155.906189335874
