alpha,beta,execution_time,error
1.4299666,-0.69240427,46.50204110145569,711661.5817757885
0.006536675,-0.0012845161,46.50204110145569,711661.5817757885
0.41302174,0.12929985,46.50204110145569,711661.5817757885
0.14054196,-0.07567129,46.50204110145569,711661.5817757885
-0.17687131,0.081218615,46.50204110145569,711661.5817757885
-0.4213964,-0.13539965,46.50204110145569,711661.5817757885
-0.012755622,0.0010799022,46.50204110145569,711661.5817757885
1.4214646,0.68786126,46.50204110145569,711661.5817757885
-0.13122882,0.0067988965,46.50204110145569,711661.5817757885
