alpha,beta,execution_time,error
0.011233434,0.3542221,52.206730365753174,926.4015790474364
-0.015143123,-0.5207821,52.206730365753174,926.4015790474364
-0.020246793,0.62614864,52.206730365753174,926.4015790474364
0.08780722,-0.45962,52.206730365753174,926.4015790474364
