alpha,beta,execution_time,error
-0.045175485,-0.51938426,54.50686955451965,950.5943715312387
-0.018132003,0.3351023,54.50686955451965,950.5943715312387
-0.035001427,0.3326541,54.50686955451965,950.5943715312387
-0.040856697,-0.47412777,54.50686955451965,950.5943715312387
0.012445786,-0.17079699,54.50686955451965,950.5943715312387
-0.0500518,0.5032575,54.50686955451965,950.5943715312387
-0.0017848847,-0.0071291304,54.50686955451965,950.5943715312387
