alpha,beta,execution_time,error
-0.0012402299,0.28277642,51.66772747039795,892.6386085817336
9.547922e-05,0.91836613,51.66772747039795,892.6386085817336
-0.09180607,-0.27684155,51.66772747039795,892.6386085817336
