alpha,beta,execution_time,error
-0.03300217,0.052320834,45.661941051483154,121.76403158454795
-0.00014373349,0.98926014,45.661941051483154,121.76403158454795
-0.004680343,0.13648076,45.661941051483154,121.76403158454795
