alpha,beta,execution_time,error
-0.033023056,0.0724731,45.748313188552856,121.74944030701764
-0.00010835288,0.9851459,45.748313188552856,121.74944030701764
-0.0047688982,0.1556767,45.748313188552856,121.74944030701764
