alpha,beta,execution_time,error
2.8862123e-06,0.84207296,47.774991273880005,1352.1938739349607
-0.12083213,-0.5393637,47.774991273880005,1352.1938739349607
