alpha,beta,execution_time,error
,,51.707128286361694,
,,51.707128286361694,
,,51.707128286361694,
,,51.707128286361694,
,,51.707128286361694,
,,51.707128286361694,
,,51.707128286361694,
,,51.707128286361694,
,,51.707128286361694,
,,51.707128286361694,
,,51.707128286361694,
,,51.707128286361694,
,,51.707128286361694,
,,51.707128286361694,
,,51.707128286361694,
,,51.707128286361694,
,,51.707128286361694,
,,51.707128286361694,
,,51.707128286361694,
,,51.707128286361694,
,,51.707128286361694,
,,51.707128286361694,
