alpha,beta,execution_time,error
0.026263736,0.13635078,45.84917736053467,35330.26288214737
-0.5071484,0.26978806,45.84917736053467,35330.26288214737
0.0028523211,-0.011084878,45.84917736053467,35330.26288214737
0.0014794689,-0.054388877,45.84917736053467,35330.26288214737
0.36032084,0.27193773,45.84917736053467,35330.26288214737
-0.051986814,0.25314784,45.84917736053467,35330.26288214737
0.019073162,-0.87607527,45.84917736053467,35330.26288214737
