alpha,beta,execution_time,error
-0.0010591774,0.06838495,45.32994079589844,118.59103376567379
-0.00080044375,0.10183379,45.32994079589844,118.59103376567379
0.0007649914,0.47074744,45.32994079589844,118.59103376567379
0.0010742033,0.81532633,45.32994079589844,118.59103376567379
0.03877088,0.3139955,45.32994079589844,118.59103376567379
