alpha,beta,execution_time,error
,,57.85713481903076,
,,57.85713481903076,
,,57.85713481903076,
,,57.85713481903076,
,,57.85713481903076,
,,57.85713481903076,
,,57.85713481903076,
,,57.85713481903076,
,,57.85713481903076,
,,57.85713481903076,
,,57.85713481903076,
,,57.85713481903076,
,,57.85713481903076,
,,57.85713481903076,
,,57.85713481903076,
,,57.85713481903076,
,,57.85713481903076,
