alpha,beta,execution_time,error
-0.07055401,-0.7070231,58.861271142959595,1657.6782168585337
0.011961317,-0.012466443,58.861271142959595,1657.6782168585337
0.05928759,0.706884,58.861271142959595,1657.6782168585337
-0.0053228275,-0.0016649526,58.861271142959595,1657.6782168585337
0.00058395066,0.0012525072,58.861271142959595,1657.6782168585337
-0.014166143,0.011186313,58.861271142959595,1657.6782168585337
-0.0007230283,-0.0077491794,58.861271142959595,1657.6782168585337
-0.004796419,0.009407552,58.861271142959595,1657.6782168585337
