alpha,beta,execution_time,error
-0.00025005403,0.2789792,52.33077812194824,891.5020011436725
-0.0010075376,-0.6999212,52.33077812194824,891.5020011436725
0.0003038042,-0.28038687,52.33077812194824,891.5020011436725
0.092314355,0.58242095,52.33077812194824,891.5020011436725
0.0017203768,0.120207965,52.33077812194824,891.5020011436725
