alpha,beta,execution_time,error
,,44.49240469932556,
,,44.49240469932556,
,,44.49240469932556,
,,44.49240469932556,
,,44.49240469932556,
,,44.49240469932556,
,,44.49240469932556,
,,44.49240469932556,
,,44.49240469932556,
,,44.49240469932556,
,,44.49240469932556,
