alpha,beta,execution_time,error
,,59.23224997520447,
,,59.23224997520447,
,,59.23224997520447,
,,59.23224997520447,
,,59.23224997520447,
,,59.23224997520447,
,,59.23224997520447,
,,59.23224997520447,
,,59.23224997520447,
,,59.23224997520447,
,,59.23224997520447,
,,59.23224997520447,
,,59.23224997520447,
,,59.23224997520447,
,,59.23224997520447,
,,59.23224997520447,
,,59.23224997520447,
