alpha,beta,execution_time,error
,,59.11592173576355,
,,59.11592173576355,
,,59.11592173576355,
,,59.11592173576355,
,,59.11592173576355,
,,59.11592173576355,
,,59.11592173576355,
,,59.11592173576355,
,,59.11592173576355,
,,59.11592173576355,
,,59.11592173576355,
,,59.11592173576355,
,,59.11592173576355,
,,59.11592173576355,
,,59.11592173576355,
,,59.11592173576355,
,,59.11592173576355,
,,59.11592173576355,
,,59.11592173576355,
