alpha,beta,execution_time,error
0.000362287,-0.49184653,50.47753286361694,3444.1115758979013
-0.00044366118,-0.02017023,50.47753286361694,3444.1115758979013
0.47635224,0.5230762,50.47753286361694,3444.1115758979013
0.0008148278,-0.44998422,50.47753286361694,3444.1115758979013
0.0016347257,-0.08516348,50.47753286361694,3444.1115758979013
0.5343633,0.5237678,50.47753286361694,3444.1115758979013
