alpha,beta,execution_time,error
-0.2690519,0.70827186,45.956488609313965,687161.5607277765
0.031480458,-0.0018195298,45.956488609313965,687161.5607277765
-1.8876946,-0.70593745,45.956488609313965,687161.5607277765
