alpha,beta,execution_time,error
-0.47709155,0.7073813,41.22519326210022,3466.028072280347
-0.53571403,0.7068322,41.22519326210022,3466.028072280347
