alpha,beta,execution_time,error
-0.07049776,-0.70584804,59.40580630302429,1657.7058790113708
0.011996468,-0.010851115,59.40580630302429,1657.7058790113708
0.05934305,0.7080715,59.40580630302429,1657.7058790113708
-0.005276202,-0.0019321099,59.40580630302429,1657.7058790113708
0.0005677766,0.0018411914,59.40580630302429,1657.7058790113708
-0.014135008,0.010508966,59.40580630302429,1657.7058790113708
-0.0006479109,-0.00913127,59.40580630302429,1657.7058790113708
-0.004849575,0.009734144,59.40580630302429,1657.7058790113708
