alpha,beta,execution_time,error
0.0005265718,0.26569313,53.9770929813385,1355.4477848651238
0.0008579673,0.3699162,53.9770929813385,1355.4477848651238
0.00060727727,0.2233756,53.9770929813385,1355.4477848651238
0.12004105,-0.8617845,53.9770929813385,1355.4477848651238
