alpha,beta,execution_time,error
0.009411681,0.14551672,46.7177996635437,1610.666060563508
0.00018996338,0.2966442,46.7177996635437,1610.666060563508
-0.00050208636,0.812818,46.7177996635437,1610.666060563508
0.0009582494,-0.32166213,46.7177996635437,1610.666060563508
0.008842983,-0.35459372,46.7177996635437,1610.666060563508
0.091389045,-0.030835869,46.7177996635437,1610.666060563508
