alpha,beta,execution_time,error
0.0003958539,-0.018245867,46.321112632751465,133.9303213314756
-0.000707553,-0.16935675,46.321112632751465,133.9303213314756
0.0014864198,-0.14740469,46.321112632751465,133.9303213314756
-0.009896517,-0.2372479,46.321112632751465,133.9303213314756
0.0015460736,-0.16533582,46.321112632751465,133.9303213314756
0.003290653,0.904575,46.321112632751465,133.9303213314756
0.00015307308,0.04048169,46.321112632751465,133.9303213314756
0.038218055,-0.21386954,46.321112632751465,133.9303213314756
