alpha,beta,execution_time,error
,,45.03018546104431,
,,45.03018546104431,
,,45.03018546104431,
,,45.03018546104431,
,,45.03018546104431,
,,45.03018546104431,
,,45.03018546104431,
,,45.03018546104431,
,,45.03018546104431,
