alpha,beta,execution_time,error
0.0005700436,-0.50484836,54.151381969451904,1356.3852730869116
0.0006417354,-0.40586975,54.151381969451904,1356.3852730869116
0.0017151639,-0.032809995,54.151381969451904,1356.3852730869116
0.0003475675,0.001039618,54.151381969451904,1356.3852730869116
0.11957892,0.65123177,54.151381969451904,1356.3852730869116
-0.00058649015,-0.08713884,54.151381969451904,1356.3852730869116
0.0051610596,0.3842192,54.151381969451904,1356.3852730869116
