alpha,beta,execution_time,error
-0.00012538601,-0.6948341,46.0600380897522,120.65047223711672
-0.0033256777,0.12038872,46.0600380897522,120.65047223711672
0.0003886239,-0.29347232,46.0600380897522,120.65047223711672
-0.000810207,-0.20255616,46.0600380897522,120.65047223711672
-0.00334721,-0.037478175,46.0600380897522,120.65047223711672
9.709584e-05,0.61167115,46.0600380897522,120.65047223711672
0.037843514,0.0032934535,46.0600380897522,120.65047223711672
