alpha,beta,execution_time,error
-0.0010257394,-0.41729596,60.90241289138794,58209.96137351061
-0.0012347262,-0.42311957,60.90241289138794,58209.96137351061
-0.6316195,0.80425984,60.90241289138794,58209.96137351061
