alpha,beta,execution_time,error
0.00016712186,0.4007242,49.009929895401,1610.6919598964955
0.000655614,-0.08460485,49.009929895401,1610.6919598964955
0.00013542315,0.4799199,49.009929895401,1610.6919598964955
0.09213638,-0.7758472,49.009929895401,1610.6919598964955
