alpha,beta,execution_time,error
,,44.29178714752197,
,,44.29178714752197,
,,44.29178714752197,
,,44.29178714752197,
,,44.29178714752197,
