alpha,beta,execution_time,error
-0.00044650948,-0.37810346,53.688358545303345,1607.072868700917
0.0031900532,0.30350214,53.688358545303345,1607.072868700917
-0.00064771756,-0.22741294,53.688358545303345,1607.072868700917
0.00047444034,-0.6212479,53.688358545303345,1607.072868700917
0.092925005,0.2036183,53.688358545303345,1607.072868700917
0.0074596014,0.41235206,53.688358545303345,1607.072868700917
0.008511203,0.340241,53.688358545303345,1607.072868700917
