alpha,beta,execution_time,error
0.0010713399,0.29772273,53.29910445213318,1353.807693698634
-0.0008871233,0.34015477,53.29910445213318,1353.807693698634
0.003076946,0.17337824,53.29910445213318,1353.807693698634
0.120463684,-0.8726544,53.29910445213318,1353.807693698634
-0.00022389973,0.06379914,53.29910445213318,1353.807693698634
