alpha,beta,execution_time,error
-0.00095542084,0.068284504,45.364810943603516,118.51660747866154
-0.00085059606,0.1071588,45.364810943603516,118.51660747866154
0.00071522675,0.46325794,45.364810943603516,118.51660747866154
0.0011351693,0.8150377,45.364810943603516,118.51660747866154
0.039089575,0.32397512,45.364810943603516,118.51660747866154
