alpha,beta,execution_time,error
-0.00043446192,-0.14746273,32.87891507148743,20706.087605860896
-7.76528e-05,0.9742985,32.87891507148743,20706.087605860896
-0.7127809,0.17028596,32.87891507148743,20706.087605860896
