alpha,beta,execution_time,error
-1.248283,-0.7082977,46.251954793930054,707093.0578780731
-0.0048552,0.029757537,46.251954793930054,707093.0578780731
-0.0121294,-0.009409948,46.251954793930054,707093.0578780731
-0.49706662,0.002432481,46.251954793930054,707093.0578780731
0.016595872,0.019443197,46.251954793930054,707093.0578780731
0.0047937944,-0.028485775,46.251954793930054,707093.0578780731
-1.4090599,0.70433146,46.251954793930054,707093.0578780731
0.097087845,-0.007872758,46.251954793930054,707093.0578780731
