alpha,beta,execution_time,error
-0.0916641,-0.7147159,53.924734354019165,1470.4324146290448
-0.0011628302,0.0012211181,53.924734354019165,1470.4324146290448
0.07818939,0.69174236,53.924734354019165,1470.4324146290448
0.0054042595,-0.060609195,53.924734354019165,1470.4324146290448
0.0003260745,0.019376982,53.924734354019165,1470.4324146290448
-0.008881842,0.012356011,53.924734354019165,1470.4324146290448
-0.00039523395,-0.025881672,53.924734354019165,1470.4324146290448
0.005520159,0.07616287,53.924734354019165,1470.4324146290448
