alpha,beta,execution_time,error
0.0024403278,0.0031459997,33.537999391555786,41166.93510602068
-0.49497184,-0.4085393,33.537999391555786,41166.93510602068
-0.05980529,0.81563723,33.537999391555786,41166.93510602068
0.5018065,-0.40966046,33.537999391555786,41166.93510602068
