alpha,beta,execution_time,error
0.046347585,0.3780074,47.30571269989014,986.259286329018
-0.0005397757,0.013232269,47.30571269989014,986.259286329018
0.04291047,-0.49480146,47.30571269989014,986.259286329018
-0.012905395,-0.36744338,47.30571269989014,986.259286329018
-0.013094531,0.3643472,47.30571269989014,986.259286329018
-0.039297152,0.4694332,47.30571269989014,986.259286329018
-0.00027069234,-0.009582737,47.30571269989014,986.259286329018
0.045869745,-0.35196957,47.30571269989014,986.259286329018
-0.00013076064,0.0011783364,47.30571269989014,986.259286329018
