alpha,beta,execution_time,error
,,60.94987106323242,
,,60.94987106323242,
,,60.94987106323242,
,,60.94987106323242,
,,60.94987106323242,
,,60.94987106323242,
,,60.94987106323242,
,,60.94987106323242,
,,60.94987106323242,
,,60.94987106323242,
,,60.94987106323242,
,,60.94987106323242,
,,60.94987106323242,
,,60.94987106323242,
,,60.94987106323242,
,,60.94987106323242,
,,60.94987106323242,
,,60.94987106323242,
,,60.94987106323242,
