alpha,beta,execution_time,error
-0.0068814643,-0.60957986,45.04828596115112,686006.2139130986
-1.8848966,0.7927246,45.04828596115112,686006.2139130986
