alpha,beta,execution_time,error
0.00039842215,0.0004908469,48.56471586227417,40844.01918182316
0.49833092,0.40469584,48.56471586227417,40844.01918182316
-0.00059333304,3.0270323e-05,48.56471586227417,40844.01918182316
-0.057095233,-0.8168024,48.56471586227417,40844.01918182316
-0.00085898815,-0.00021248993,48.56471586227417,40844.01918182316
-0.49033776,0.4111561,48.56471586227417,40844.01918182316
0.000681406,-0.0014480728,48.56471586227417,40844.01918182316
-0.002829061,-0.0018507313,48.56471586227417,40844.01918182316
