alpha,beta,execution_time,error
,,57.23150110244751,
,,57.23150110244751,
,,57.23150110244751,
,,57.23150110244751,
,,57.23150110244751,
,,57.23150110244751,
,,57.23150110244751,
,,57.23150110244751,
,,57.23150110244751,
,,57.23150110244751,
,,57.23150110244751,
,,57.23150110244751,
,,57.23150110244751,
,,57.23150110244751,
,,57.23150110244751,
