alpha,beta,execution_time,error
-0.0009175133,0.3434682,54.762924909591675,1346.168700717977
0.0064935605,-0.22261477,54.762924909591675,1346.168700717977
0.0005392507,0.56494087,54.762924909591675,1346.168700717977
0.0063120825,-0.31677657,54.762924909591675,1346.168700717977
-0.00072647596,0.22909203,54.762924909591675,1346.168700717977
0.12115978,-0.6004027,54.762924909591675,1346.168700717977
