alpha,beta,execution_time,error
0.6441665,-0.70700586,46.51428699493408,21103.462246331223
0.0015444427,0.70720685,46.51428699493408,21103.462246331223
-0.00044491768,-0.0010862912,46.51428699493408,21103.462246331223
