alpha,beta,execution_time,error
0.0024513165,-0.6142904,51.77049899101257,21313.910820255776
0.034784477,0.30471513,51.77049899101257,21313.910820255776
0.6318777,0.3286082,51.77049899101257,21313.910820255776
-0.0012834938,-0.45846722,51.77049899101257,21313.910820255776
0.001605675,-0.17905402,51.77049899101257,21313.910820255776
0.006212817,0.42374536,51.77049899101257,21313.910820255776
