alpha,beta,execution_time,error
-0.47701803,0.70739096,30.337226390838623,3448.885103846557
-0.535078,0.70682245,30.337226390838623,3448.885103846557
