alpha,beta,execution_time,error
0.0004195692,-0.11602072,45.852246046066284,133.66200263750397
-0.009850096,-0.36391792,45.852246046066284,133.66200263750397
0.0033042757,0.85469085,45.852246046066284,133.66200263750397
0.0379683,-0.35157704,45.852246046066284,133.66200263750397
