alpha,beta,execution_time,error
,,45.572632789611816,
,,45.572632789611816,
,,45.572632789611816,
,,45.572632789611816,
,,45.572632789611816,
,,45.572632789611816,
,,45.572632789611816,
,,45.572632789611816,
,,45.572632789611816,
