alpha,beta,execution_time,error
,,44.19790291786194,
,,44.19790291786194,
