alpha,beta,execution_time,error
-0.1697992,-0.43263134,46.21431803703308,22239.253155282568
0.0015418336,0.6839052,46.21431803703308,22239.253155282568
0.00066733325,0.16205417,46.21431803703308,22239.253155282568
0.60915345,-0.4084612,46.21431803703308,22239.253155282568
0.0045365226,0.38987404,46.21431803703308,22239.253155282568
