alpha,beta,execution_time,error
-0.012925863,-0.21383972,59.80154538154602,1675.725284292
-0.08123532,-0.28158438,59.80154538154602,1675.725284292
-0.0003594511,0.06274093,59.80154538154602,1675.725284292
-0.00078946375,0.50025994,59.80154538154602,1675.725284292
-0.00042844197,0.4133251,59.80154538154602,1675.725284292
0.0007257526,0.43064433,59.80154538154602,1675.725284292
0.050535407,-0.323924,59.80154538154602,1675.725284292
-0.012906453,-0.25503346,59.80154538154602,1675.725284292
0.007354315,-0.30744958,59.80154538154602,1675.725284292
