alpha,beta,execution_time,error
0.0009117312,-0.3365559,66.19773054122925,84455.20987253808
0.48225164,0.32436934,66.19773054122925,84455.20987253808
-0.002267905,-0.313743,66.19773054122925,84455.20987253808
-0.5046247,0.330044,66.19773054122925,84455.20987253808
-0.0015336606,-0.32168055,66.19773054122925,84455.20987253808
-0.5266412,0.48041517,66.19773054122925,84455.20987253808
0.0027756998,0.030010339,66.19773054122925,84455.20987253808
0.50443846,0.48884884,66.19773054122925,84455.20987253808
