alpha,beta,execution_time,error
-0.0012736863,0.6918145,51.4271285533905,892.596149857479
0.00084349274,0.6591778,51.4271285533905,892.596149857479
-0.09180054,0.29474944,51.4271285533905,892.596149857479
