alpha,beta,execution_time,error
,,45.65399956703186,
,,45.65399956703186,
,,45.65399956703186,
,,45.65399956703186,
,,45.65399956703186,
,,45.65399956703186,
,,45.65399956703186,
,,45.65399956703186,
,,45.65399956703186,
,,45.65399956703186,
