alpha,beta,execution_time,error
,,58.5859649181366,
,,58.5859649181366,
,,58.5859649181366,
,,58.5859649181366,
,,58.5859649181366,
,,58.5859649181366,
,,58.5859649181366,
,,58.5859649181366,
,,58.5859649181366,
,,58.5859649181366,
,,58.5859649181366,
,,58.5859649181366,
,,58.5859649181366,
,,58.5859649181366,
,,58.5859649181366,
,,58.5859649181366,
,,58.5859649181366,
,,58.5859649181366,
