alpha,beta,execution_time,error
,,61.54741287231445,
,,61.54741287231445,
,,61.54741287231445,
,,61.54741287231445,
,,61.54741287231445,
,,61.54741287231445,
,,61.54741287231445,
,,61.54741287231445,
,,61.54741287231445,
,,61.54741287231445,
,,61.54741287231445,
,,61.54741287231445,
,,61.54741287231445,
,,61.54741287231445,
,,61.54741287231445,
,,61.54741287231445,
,,61.54741287231445,
,,61.54741287231445,
,,61.54741287231445,
,,61.54741287231445,
,,61.54741287231445,
,,61.54741287231445,
,,61.54741287231445,
,,61.54741287231445,
,,61.54741287231445,
