alpha,beta,execution_time,error
-0.1387445,0.16352457,61.89479947090149,25673.981160830695
0.0013158089,0.086879075,61.89479947090149,25673.981160830695
0.0016061224,-0.86131144,61.89479947090149,25673.981160830695
0.6192808,0.15895419,61.89479947090149,25673.981160830695
0.0009679563,0.44563207,61.89479947090149,25673.981160830695
