alpha,beta,execution_time,error
,,59.410022258758545,
,,59.410022258758545,
,,59.410022258758545,
,,59.410022258758545,
,,59.410022258758545,
,,59.410022258758545,
,,59.410022258758545,
,,59.410022258758545,
,,59.410022258758545,
,,59.410022258758545,
,,59.410022258758545,
,,59.410022258758545,
,,59.410022258758545,
,,59.410022258758545,
,,59.410022258758545,
,,59.410022258758545,
,,59.410022258758545,
,,59.410022258758545,
,,59.410022258758545,
,,59.410022258758545,
