alpha,beta,execution_time,error
,,44.48025584220886,
,,44.48025584220886,
,,44.48025584220886,
,,44.48025584220886,
,,44.48025584220886,
,,44.48025584220886,
,,44.48025584220886,
,,44.48025584220886,
,,44.48025584220886,
,,44.48025584220886,
,,44.48025584220886,
