alpha,beta,execution_time,error
-0.0006123542,-0.5126918,60.29474711418152,58208.27832047464
-0.0010142431,-0.35426423,60.29474711418152,58208.27832047464
-0.63183093,0.78207666,60.29474711418152,58208.27832047464
