alpha,beta,execution_time,error
1.4316287,-0.6927278,46.353846311569214,711536.4242108138
0.0054934723,-0.00058151264,46.353846311569214,711536.4242108138
0.41506237,0.12847199,46.353846311569214,711536.4242108138
0.14038947,-0.07525142,46.353846311569214,711536.4242108138
-0.17842028,0.08112095,46.353846311569214,711536.4242108138
-0.41743487,-0.13577195,46.353846311569214,711536.4242108138
-0.012231225,0.0010295307,46.353846311569214,711536.4242108138
1.4165922,0.68767256,46.353846311569214,711536.4242108138
-0.13161421,0.0071223876,46.353846311569214,711536.4242108138
