alpha,beta,execution_time,error
,,59.98080825805664,
,,59.98080825805664,
,,59.98080825805664,
,,59.98080825805664,
,,59.98080825805664,
,,59.98080825805664,
,,59.98080825805664,
,,59.98080825805664,
,,59.98080825805664,
,,59.98080825805664,
,,59.98080825805664,
,,59.98080825805664,
,,59.98080825805664,
,,59.98080825805664,
,,59.98080825805664,
,,59.98080825805664,
,,59.98080825805664,
,,59.98080825805664,
,,59.98080825805664,
,,59.98080825805664,
,,59.98080825805664,
