alpha,beta,execution_time,error
,,60.1302924156189,
,,60.1302924156189,
,,60.1302924156189,
,,60.1302924156189,
,,60.1302924156189,
,,60.1302924156189,
,,60.1302924156189,
,,60.1302924156189,
,,60.1302924156189,
,,60.1302924156189,
,,60.1302924156189,
,,60.1302924156189,
,,60.1302924156189,
,,60.1302924156189,
,,60.1302924156189,
,,60.1302924156189,
,,60.1302924156189,
,,60.1302924156189,
,,60.1302924156189,
,,60.1302924156189,
,,60.1302924156189,
