alpha,beta,execution_time,error
-0.00044170933,0.13193375,45.755467653274536,1608.0362764860236
-0.0004759867,0.6272125,45.755467653274536,1608.0362764860236
0.005782862,-0.20530955,45.755467653274536,1608.0362764860236
0.093595356,-0.7196383,45.755467653274536,1608.0362764860236
0.00077032705,0.17078277,45.755467653274536,1608.0362764860236
