alpha,beta,execution_time,error
0.034047056,0.10306101,55.67529249191284,58008.039183634784
0.001965575,-0.20452003,55.67529249191284,58008.039183634784
0.030470524,0.16727316,55.67529249191284,58008.039183634784
-0.67635614,0.22009581,55.67529249191284,58008.039183634784
-0.0017498961,-0.7932222,55.67529249191284,58008.039183634784
0.00080962613,0.042639915,55.67529249191284,58008.039183634784
-0.036291346,0.49000797,55.67529249191284,58008.039183634784
