alpha,beta,execution_time,error
-0.0012690389,-0.0077269915,45.56489825248718,21088.741474988477
-0.002024462,-0.49066982,45.56489825248718,21088.741474988477
-0.0006257298,0.005383838,45.56489825248718,21088.741474988477
0.6442732,0.8112777,45.56489825248718,21088.741474988477
-0.0034346532,-0.31776935,45.56489825248718,21088.741474988477
0.0006909003,0.0023475555,45.56489825248718,21088.741474988477
