alpha,beta,execution_time,error
-0.00045554928,0.19101837,46.420589447021484,1608.4399983923176
-0.0009603027,0.61747986,46.420589447021484,1608.4399983923176
0.0056239963,-0.19975145,46.420589447021484,1608.4399983923176
0.093328886,-0.7259449,46.420589447021484,1608.4399983923176
-0.00041097862,0.12383015,46.420589447021484,1608.4399983923176
