alpha,beta,execution_time,error
0.010164705,0.7068085,45.511985778808594,134.177536309323
-0.037974622,0.70740503,45.511985778808594,134.177536309323
