alpha,beta,execution_time,error
,,56.89781141281128,
,,56.89781141281128,
,,56.89781141281128,
,,56.89781141281128,
,,56.89781141281128,
,,56.89781141281128,
,,56.89781141281128,
,,56.89781141281128,
,,56.89781141281128,
,,56.89781141281128,
,,56.89781141281128,
,,56.89781141281128,
,,56.89781141281128,
,,56.89781141281128,
