alpha,beta,execution_time,error
-0.0016905712,-0.0024494778,50.20097017288208,20718.98618687207
-0.00032397843,0.123044394,50.20097017288208,20718.98618687207
0.0070826705,0.16464569,50.20097017288208,20718.98618687207
-0.007077754,0.1748137,50.20097017288208,20718.98618687207
-0.007698845,-0.9043165,50.20097017288208,20718.98618687207
-0.0008178577,-0.060791716,50.20097017288208,20718.98618687207
0.70901334,0.3251184,50.20097017288208,20718.98618687207
