alpha,beta,execution_time,error
,,45.48649477958679,
,,45.48649477958679,
,,45.48649477958679,
,,45.48649477958679,
,,45.48649477958679,
,,45.48649477958679,
,,45.48649477958679,
,,45.48649477958679,
,,45.48649477958679,
,,45.48649477958679,
