alpha,beta,execution_time,error
0.0011556176,-0.0054405485,52.413315534591675,21270.74367862098
0.0006353153,0.046222407,52.413315534591675,21270.74367862098
-0.008827051,0.17455502,52.413315534591675,21270.74367862098
0.012925112,0.5027469,52.413315534591675,21270.74367862098
0.0040700114,0.17407851,52.413315534591675,21270.74367862098
0.004869548,-0.11666603,52.413315534591675,21270.74367862098
0.63420016,-0.81896013,52.413315534591675,21270.74367862098
