alpha,beta,execution_time,error
,,44.062697410583496,
,,44.062697410583496,
,,44.062697410583496,
,,44.062697410583496,
