alpha,beta,execution_time,error
-0.0021725062,-0.008990167,45.93592858314514,21070.36121075649
-0.0026495787,-0.43769407,45.93592858314514,21070.36121075649
-0.0006525761,0.0051847775,45.93592858314514,21070.36121075649
0.6454563,0.8167682,45.93592858314514,21070.36121075649
-0.0031045831,-0.37576136,45.93592858314514,21070.36121075649
-0.00067358365,0.0030303064,45.93592858314514,21070.36121075649
