alpha,beta,execution_time,error
-1.2625209,-0.70991766,45.96789073944092,707591.6518939362
-0.0034229092,0.026078014,45.96789073944092,707591.6518939362
-0.006167481,-0.008927382,45.96789073944092,707591.6518939362
-0.50653565,-0.00071189634,45.96789073944092,707591.6518939362
-0.010776798,0.017798258,45.96789073944092,707591.6518939362
0.0034987007,-0.02268055,45.96789073944092,707591.6518939362
-1.4266697,0.70313346,45.96789073944092,707591.6518939362
0.100067854,-0.0053770742,45.96789073944092,707591.6518939362
