alpha,beta,execution_time,error
-0.13779649,-0.19757152,61.72879219055176,58709.780242006156
0.0025273361,0.86199343,61.72879219055176,58709.780242006156
0.012444728,-0.43140745,61.72879219055176,58709.780242006156
0.688439,-0.1688139,61.72879219055176,58709.780242006156
0.014812827,-0.057639316,61.72879219055176,58709.780242006156
