alpha,beta,execution_time,error
0.0016286493,0.32091567,57.781707763671875,21263.61483035039
-0.00081612216,-0.84281784,57.781707763671875,21263.61483035039
-0.0009379794,0.1243521,57.781707763671875,21263.61483035039
0.6338749,-0.010713163,57.781707763671875,21263.61483035039
0.0011043006,0.41363382,57.781707763671875,21263.61483035039
