alpha,beta,execution_time,error
-0.0016587499,0.41988936,55.179261684417725,21268.65364356651
-0.0021128713,-0.85110587,55.179261684417725,21268.65364356651
0.00025255576,0.177423,55.179261684417725,21268.65364356651
0.63345575,-0.0012741719,55.179261684417725,21268.65364356651
-0.0015824537,0.26044405,55.179261684417725,21268.65364356651
