alpha,beta,execution_time,error
-0.024041714,0.042302422,70.36048555374146,63765.61984999679
-0.7096992,0.27128398,70.36048555374146,63765.61984999679
-0.0037091742,0.008071746,70.36048555374146,63765.61984999679
-0.059120055,0.14694302,70.36048555374146,63765.61984999679
0.03785414,0.129924,70.36048555374146,63765.61984999679
0.0019429062,-0.0070224428,70.36048555374146,63765.61984999679
0.34402433,0.27855957,70.36048555374146,63765.61984999679
-0.020687256,0.021744935,70.36048555374146,63765.61984999679
0.004288808,-0.8988661,70.36048555374146,63765.61984999679
