alpha,beta,execution_time,error
-0.045181826,-0.51966673,48.4005868434906,950.5531331143145
-0.018110536,0.33515447,48.4005868434906,950.5531331143145
-0.0351059,0.33361357,48.4005868434906,950.5531331143145
-0.04074895,-0.47317338,48.4005868434906,950.5531331143145
0.012500004,-0.17189552,48.4005868434906,950.5531331143145
-0.05017278,0.50281835,48.4005868434906,950.5531331143145
-0.0018054782,-0.0072400216,48.4005868434906,950.5531331143145
