alpha,beta,execution_time,error
-0.0001920514,-0.003858625,50.40407347679138,20669.690845627738
-6.594771e-05,0.087762944,50.40407347679138,20669.690845627738
0.009420643,0.17520495,50.40407347679138,20669.690845627738
0.009086926,0.18659568,50.40407347679138,20669.690845627738
-0.010640318,-0.90357065,50.40407347679138,20669.690845627738
0.0007236377,-0.0572138,50.40407347679138,20669.690845627738
0.71202695,0.32719204,50.40407347679138,20669.690845627738
