alpha,beta,execution_time,error
-0.0006943109,-0.287779,52.1360650062561,21315.954167007145
0.03414223,0.34313184,52.1360650062561,21315.954167007145
0.6309571,0.37764522,52.1360650062561,21315.954167007145
0.0014225341,-0.7172136,52.1360650062561,21315.954167007145
0.002494466,-0.18897729,52.1360650062561,21315.954167007145
0.0043375464,0.3266802,52.1360650062561,21315.954167007145
