alpha,beta,execution_time,error
0.5027769,0.4099884,46.78361177444458,41311.78204330553
0.059544142,-0.81595236,46.78361177444458,41311.78204330553
-0.4977539,0.40757522,46.78361177444458,41311.78204330553
-0.0018455735,-0.0037125014,46.78361177444458,41311.78204330553
