alpha,beta,execution_time,error
-0.014882876,0.6953565,52.02388906478882,889.7207487135637
-0.091430016,0.718665,52.02388906478882,889.7207487135637
