alpha,beta,execution_time,error
0.00030377606,-0.6207716,45.67844772338867,120.48291831206478
-0.0033172108,0.08924337,45.67844772338867,120.48291831206478
0.0005006065,-0.33921552,45.67844772338867,120.48291831206478
-0.0004463823,-0.23769455,45.67844772338867,120.48291831206478
-0.003365785,-0.07516089,45.67844772338867,120.48291831206478
-0.00014812418,0.6550815,45.67844772338867,120.48291831206478
0.037865974,-0.01820374,45.67844772338867,120.48291831206478
