alpha,beta,execution_time,error
0.0008606324,0.23506263,69.62692523002625,21256.771246858567
0.0020630765,0.55989105,69.62692523002625,21256.771246858567
-0.63436884,-0.7945235,69.62692523002625,21256.771246858567
