alpha,beta,execution_time,error
0.03376881,0.047721293,49.53101062774658,21302.855191244893
0.007922887,-0.4679989,49.53101062774658,21302.855191244893
-0.00029712077,0.8534409,49.53101062774658,21302.855191244893
0.63374954,-0.224362,49.53101062774658,21302.855191244893
