alpha,beta,execution_time,error
,,60.51438903808594,
,,60.51438903808594,
,,60.51438903808594,
,,60.51438903808594,
,,60.51438903808594,
,,60.51438903808594,
,,60.51438903808594,
,,60.51438903808594,
,,60.51438903808594,
,,60.51438903808594,
,,60.51438903808594,
,,60.51438903808594,
,,60.51438903808594,
,,60.51438903808594,
,,60.51438903808594,
,,60.51438903808594,
,,60.51438903808594,
,,60.51438903808594,
,,60.51438903808594,
,,60.51438903808594,
,,60.51438903808594,
,,60.51438903808594,
,,60.51438903808594,
,,60.51438903808594,
