alpha,beta,execution_time,error
-0.0018880145,-0.14550684,46.471967935562134,121.16014313927795
0.0039389404,-0.09693852,46.471967935562134,121.16014313927795
-0.002199405,-0.26818854,46.471967935562134,121.16014313927795
-0.0006518053,0.60556287,46.471967935562134,121.16014313927795
0.0006440548,0.6154332,46.471967935562134,121.16014313927795
0.0022899727,-0.1864727,46.471967935562134,121.16014313927795
0.0036878851,-0.23275505,46.471967935562134,121.16014313927795
-0.001481782,-0.10101312,46.471967935562134,121.16014313927795
-0.039635144,-0.22997929,46.471967935562134,121.16014313927795
