alpha,beta,execution_time,error
-0.00021046202,-0.00014815785,44.00578784942627,41161.13222923076
-0.05953576,-0.8181371,44.00578784942627,41161.13222923076
-0.00031187345,-1.6825605e-05,44.00578784942627,41161.13222923076
-0.49664623,0.40735185,44.00578784942627,41161.13222923076
-0.00011348032,-0.0007405338,44.00578784942627,41161.13222923076
0.0018089153,-0.0018721581,44.00578784942627,41161.13222923076
5.0297458e-05,1.876035e-05,44.00578784942627,41161.13222923076
0.5000559,0.40584743,44.00578784942627,41161.13222923076
