alpha,beta,execution_time,error
,,44.67757320404053,
,,44.67757320404053,
,,44.67757320404053,
,,44.67757320404053,
,,44.67757320404053,
,,44.67757320404053,
,,44.67757320404053,
