alpha,beta,execution_time,error
0.0009919297,-0.004518322,53.3522686958313,21270.062110211467
-0.0006948315,0.04394328,53.3522686958313,21270.062110211467
-0.0083810175,0.17715678,53.3522686958313,21270.062110211467
0.0131661035,0.5069193,53.3522686958313,21270.062110211467
0.0038387398,0.16823387,53.3522686958313,21270.062110211467
0.0050528077,-0.11868873,53.3522686958313,21270.062110211467
0.6342934,-0.8168888,53.3522686958313,21270.062110211467
