alpha,beta,execution_time,error
-0.014861723,0.6953577,52.21299076080322,889.749939577933
-0.091414884,0.71866393,52.21299076080322,889.749939577933
