alpha,beta,execution_time,error
-0.005446798,-0.36444446,62.01851940155029,58225.51606081047
-0.006635044,-0.23564187,62.01851940155029,58225.51606081047
0.3350583,0.47630253,62.01851940155029,58225.51606081047
-0.0015592007,-0.3191145,62.01851940155029,58225.51606081047
-0.0008328324,-0.2564806,62.01851940155029,58225.51606081047
0.64609444,0.6458891,62.01851940155029,58225.51606081047
