alpha,beta,execution_time,error
0.008608807,0.21345621,48.01525926589966,1611.7075794099253
0.00057299715,0.2287895,48.01525926589966,1611.7075794099253
-0.00023392611,0.764114,48.01525926589966,1611.7075794099253
0.00016936063,-0.487849,48.01525926589966,1611.7075794099253
0.00861856,-0.27954364,48.01525926589966,1611.7075794099253
0.09072281,0.04561011,48.01525926589966,1611.7075794099253
