alpha,beta,execution_time,error
,,58.890178203582764,
,,58.890178203582764,
,,58.890178203582764,
,,58.890178203582764,
,,58.890178203582764,
,,58.890178203582764,
,,58.890178203582764,
,,58.890178203582764,
,,58.890178203582764,
,,58.890178203582764,
,,58.890178203582764,
,,58.890178203582764,
,,58.890178203582764,
,,58.890178203582764,
,,58.890178203582764,
,,58.890178203582764,
