alpha,beta,execution_time,error
-0.011352961,-0.026337888,46.70587873458862,693115.7793378554
-0.002504376,-0.028536405,46.70587873458862,693115.7793378554
8.0121885e-05,0.033858143,46.70587873458862,693115.7793378554
0.10780694,0.012948654,46.70587873458862,693115.7793378554
1.740859,0.34402236,46.70587873458862,693115.7793378554
-0.39671195,0.4738099,46.70587873458862,693115.7793378554
0.26129538,-0.8089071,46.70587873458862,693115.7793378554
