alpha,beta,execution_time,error
0.0012684352,0.05701594,50.47973895072937,20727.189526277834
0.0066622314,0.820866,50.47973895072937,20727.189526277834
-0.0011305801,0.035727374,50.47973895072937,20727.189526277834
0.0146067,-0.2915464,50.47973895072937,20727.189526277834
-0.014423754,-0.31399423,50.47973895072937,20727.189526277834
-0.0007560513,-0.1490354,50.47973895072937,20727.189526277834
-0.0004226854,0.07170538,50.47973895072937,20727.189526277834
-0.0011178644,0.046843473,50.47973895072937,20727.189526277834
-0.71642643,-0.32941267,50.47973895072937,20727.189526277834
