alpha,beta,execution_time,error
,,57.509297132492065,
,,57.509297132492065,
,,57.509297132492065,
,,57.509297132492065,
,,57.509297132492065,
,,57.509297132492065,
,,57.509297132492065,
,,57.509297132492065,
,,57.509297132492065,
,,57.509297132492065,
,,57.509297132492065,
,,57.509297132492065,
,,57.509297132492065,
