alpha,beta,execution_time,error
-6.9203816e-06,0.8386049,48.09521794319153,1352.316782038854
-0.12079426,-0.54474,48.09521794319153,1352.316782038854
