alpha,beta,execution_time,error
,,55.78852868080139,
,,55.78852868080139,
,,55.78852868080139,
,,55.78852868080139,
,,55.78852868080139,
,,55.78852868080139,
,,55.78852868080139,
,,55.78852868080139,
