alpha,beta,execution_time,error
,,44.510777711868286,
,,44.510777711868286,
,,44.510777711868286,
,,44.510777711868286,
,,44.510777711868286,
,,44.510777711868286,
