alpha,beta,execution_time,error
0.006423307,0.6406193,51.00389838218689,1351.9460339684522
-0.00055899075,0.06375326,51.00389838218689,1351.9460339684522
-0.0011349543,0.054354183,51.00389838218689,1351.9460339684522
0.12105526,-0.7632746,51.00389838218689,1351.9460339684522
