alpha,beta,execution_time,error
0.00032172966,-0.6581016,45.918320655822754,119.06507725576334
-0.0030806635,0.09137155,45.918320655822754,119.06507725576334
0.00037087602,-0.31067744,45.918320655822754,119.06507725576334
0.00069608213,-0.25895464,45.918320655822754,119.06507725576334
0.0033592274,-0.07298715,45.918320655822754,119.06507725576334
0.00020999451,0.62411684,45.918320655822754,119.06507725576334
0.037777293,-0.011256029,45.918320655822754,119.06507725576334
