alpha,beta,execution_time,error
,,44.72963762283325,
,,44.72963762283325,
,,44.72963762283325,
,,44.72963762283325,
,,44.72963762283325,
,,44.72963762283325,
,,44.72963762283325,
,,44.72963762283325,
,,44.72963762283325,
,,44.72963762283325,
,,44.72963762283325,
