alpha,beta,execution_time,error
-0.011656271,-0.013184596,45.78799819946289,692669.6064082519
0.0025184401,-0.07823763,45.78799819946289,692669.6064082519
-0.0046346616,0.03595277,45.78799819946289,692669.6064082519
0.11321834,0.007711484,45.78799819946289,692669.6064082519
1.8216746,0.35976285,45.78799819946289,692669.6064082519
-0.4203946,0.48090512,45.78799819946289,692669.6064082519
0.27501163,-0.7947666,45.78799819946289,692669.6064082519
