alpha,beta,execution_time,error
-0.013037613,-0.18360077,58.95865440368652,1675.1806493922763
-0.081944525,-0.287396,58.95865440368652,1675.1806493922763
0.00074854307,0.09536652,58.95865440368652,1675.1806493922763
0.0004360245,0.44775718,58.95865440368652,1675.1806493922763
0.00078100344,0.66235816,58.95865440368652,1675.1806493922763
-0.00028034725,0.08709359,58.95865440368652,1675.1806493922763
0.04979572,-0.29058155,58.95865440368652,1675.1806493922763
-0.01254846,-0.23990355,58.95865440368652,1675.1806493922763
0.0070907203,-0.29294726,58.95865440368652,1675.1806493922763
