alpha,beta,execution_time,error
,,61.32703447341919,
,,61.32703447341919,
,,61.32703447341919,
,,61.32703447341919,
,,61.32703447341919,
,,61.32703447341919,
,,61.32703447341919,
,,61.32703447341919,
,,61.32703447341919,
,,61.32703447341919,
,,61.32703447341919,
,,61.32703447341919,
,,61.32703447341919,
,,61.32703447341919,
,,61.32703447341919,
,,61.32703447341919,
,,61.32703447341919,
,,61.32703447341919,
,,61.32703447341919,
,,61.32703447341919,
,,61.32703447341919,
,,61.32703447341919,
,,61.32703447341919,
