alpha,beta,execution_time,error
-0.00027238933,0.27079517,52.851332902908325,891.5065270041163
-0.00099602,-0.6914703,52.851332902908325,891.5065270041163
0.00016306431,-0.2891084,52.851332902908325,891.5065270041163
0.092311285,0.5919702,52.851332902908325,891.5065270041163
0.0018490453,0.12052547,52.851332902908325,891.5065270041163
