alpha,beta,execution_time,error
,,58.31920075416565,
,,58.31920075416565,
,,58.31920075416565,
,,58.31920075416565,
,,58.31920075416565,
,,58.31920075416565,
,,58.31920075416565,
,,58.31920075416565,
,,58.31920075416565,
,,58.31920075416565,
,,58.31920075416565,
,,58.31920075416565,
,,58.31920075416565,
,,58.31920075416565,
,,58.31920075416565,
,,58.31920075416565,
,,58.31920075416565,
,,58.31920075416565,
