alpha,beta,execution_time,error
,,61.93997049331665,
,,61.93997049331665,
,,61.93997049331665,
,,61.93997049331665,
,,61.93997049331665,
,,61.93997049331665,
,,61.93997049331665,
,,61.93997049331665,
,,61.93997049331665,
,,61.93997049331665,
,,61.93997049331665,
,,61.93997049331665,
,,61.93997049331665,
,,61.93997049331665,
,,61.93997049331665,
,,61.93997049331665,
,,61.93997049331665,
,,61.93997049331665,
,,61.93997049331665,
,,61.93997049331665,
,,61.93997049331665,
,,61.93997049331665,
,,61.93997049331665,
,,61.93997049331665,
