alpha,beta,execution_time,error
,,43.48444676399231,
,,43.48444676399231,
,,43.48444676399231,
,,43.48444676399231,
