alpha,beta,execution_time,error
0.03407507,0.033267386,49.057433128356934,21304.116975422156
0.008057799,-0.46780387,49.057433128356934,21304.116975422156
-0.00064591237,0.85706145,49.057433128356934,21304.116975422156
0.6337147,-0.2133037,49.057433128356934,21304.116975422156
