alpha,beta,execution_time,error
-0.0006415078,0.8581185,58.09172034263611,1610.415076453469
-0.09231147,0.51345164,58.09172034263611,1610.415076453469
