alpha,beta,execution_time,error
-0.011958667,-0.22255984,59.214275598526,21984.930832375154
-0.00066665886,0.11590618,59.214275598526,21984.930832375154
0.14511158,-0.3949547,59.214275598526,21984.930832375154
-0.6118782,-0.38384044,59.214275598526,21984.930832375154
0.0025777773,-0.0587049,59.214275598526,21984.930832375154
0.0012004569,0.70171624,59.214275598526,21984.930832375154
0.0013967981,0.36828277,59.214275598526,21984.930832375154
-0.00047516736,0.040234186,59.214275598526,21984.930832375154
0.0007255997,-0.024644576,59.214275598526,21984.930832375154
