alpha,beta,execution_time,error
0.033816695,0.033740483,49.260899782180786,21302.00444055322
0.0078483615,-0.46739453,49.260899782180786,21302.00444055322
0.00028888843,0.85707015,49.260899782180786,21302.00444055322
0.6338084,-0.21409006,49.260899782180786,21302.00444055322
