alpha,beta,execution_time,error
-0.41980132,0.7061545,47.32638168334961,24621.49631893501
-0.41980168,0.7080579,47.32638168334961,24621.49631893501
