alpha,beta,execution_time,error
0.00048414554,-0.13977994,30.710739612579346,20706.471720637845
8.192149e-05,0.97714144,30.710739612579346,20706.471720637845
-0.7123906,0.16017495,30.710739612579346,20706.471720637845
