alpha,beta,execution_time,error
-0.17048267,-0.43299323,45.27812600135803,22243.92932653452
0.0013633016,0.5912881,45.27812600135803,22243.92932653452
0.00044876698,0.19714878,45.27812600135803,22243.92932653452
0.60924137,-0.407626,45.27812600135803,22243.92932653452
0.004855911,0.5078076,45.27812600135803,22243.92932653452
