alpha,beta,execution_time,error
-0.005032261,-0.61047417,45.83862042427063,685918.645766171
-1.8942516,0.7920362,45.83862042427063,685918.645766171
