alpha,beta,execution_time,error
-0.3364436,0.6165935,60.45501708984375,58228.68341586782
-0.6475336,0.78728175,60.45501708984375,58228.68341586782
