alpha,beta,execution_time,error
-0.41990694,0.70600635,86.82577157020569,24621.6214706352
-0.41991195,0.7082055,86.82577157020569,24621.6214706352
