alpha,beta,execution_time,error
-0.0014263423,-0.15132013,46.139806270599365,120.89563777559337
0.0037891557,-0.09203151,46.139806270599365,120.89563777559337
-0.0020073096,-0.256438,46.139806270599365,120.89563777559337
-0.00025814277,0.53988755,46.139806270599365,120.89563777559337
-0.00023954139,0.681376,46.139806270599365,120.89563777559337
0.0020807006,-0.18245246,46.139806270599365,120.89563777559337
0.0037134713,-0.23114555,46.139806270599365,120.89563777559337
-0.0014841713,-0.114495195,46.139806270599365,120.89563777559337
-0.03861286,-0.21747142,46.139806270599365,120.89563777559337
