alpha,beta,execution_time,error
-0.49958187,0.40990904,57.914079904556274,6398.696017379906
-0.00047446057,-0.0017018565,57.914079904556274,6398.696017379906
0.09117024,-0.81512904,57.914079904556274,6398.696017379906
0.0007476208,0.0004946223,57.914079904556274,6398.696017379906
-0.49461317,0.4093028,57.914079904556274,6398.696017379906
0.00068986544,-0.00026407093,57.914079904556274,6398.696017379906
0.0043691196,-0.0025892733,57.914079904556274,6398.696017379906
0.00050603226,0.00068094436,57.914079904556274,6398.696017379906
