alpha,beta,execution_time,error
0.0047874223,0.70331025,58.4633469581604,1613.3070254417867
0.004428816,0.44754127,58.4633469581604,1613.3070254417867
-0.092421345,0.55232364,58.4633469581604,1613.3070254417867
