"n","alpha","beta_rad"
1,0.7055302262306213,0.9401374459266663
2,0.39996010065078735,1.1106151342391968
3,0.08551279455423355,1.274904489517212
4,0.3338232636451721,0.8948822021484375
