alpha,beta,execution_time,error
-0.0021248348,-0.31139186,63.392627239227295,58226.82433940942
-0.0021549251,-0.21872056,63.392627239227295,58226.82433940942
0.3371861,0.47287154,63.392627239227295,58226.82433940942
0.00411452,-0.3617596,63.392627239227295,58226.82433940942
0.0012095838,-0.28184706,63.392627239227295,58226.82433940942
0.6487383,0.64906174,63.392627239227295,58226.82433940942
