alpha,beta,execution_time,error
,,59.562389612197876,
,,59.562389612197876,
,,59.562389612197876,
,,59.562389612197876,
,,59.562389612197876,
,,59.562389612197876,
,,59.562389612197876,
,,59.562389612197876,
,,59.562389612197876,
,,59.562389612197876,
,,59.562389612197876,
,,59.562389612197876,
,,59.562389612197876,
,,59.562389612197876,
,,59.562389612197876,
,,59.562389612197876,
,,59.562389612197876,
,,59.562389612197876,
,,59.562389612197876,
,,59.562389612197876,
