alpha,beta,execution_time,error
-0.0904805,-0.72086143,53.35046339035034,1470.5918245147432
-0.0013381324,0.0014448633,53.35046339035034,1470.5918245147432
0.07891012,0.68591535,53.35046339035034,1470.5918245147432
0.005446886,-0.056413494,53.35046339035034,1470.5918245147432
0.0007846606,0.027243562,53.35046339035034,1470.5918245147432
-0.008841458,0.01336966,53.35046339035034,1470.5918245147432
-0.00052536547,-0.021926528,53.35046339035034,1470.5918245147432
0.0055192616,0.07275076,53.35046339035034,1470.5918245147432
