alpha,beta,execution_time,error
,,58.3144748210907,
,,58.3144748210907,
,,58.3144748210907,
,,58.3144748210907,
,,58.3144748210907,
,,58.3144748210907,
,,58.3144748210907,
,,58.3144748210907,
,,58.3144748210907,
,,58.3144748210907,
,,58.3144748210907,
,,58.3144748210907,
,,58.3144748210907,
,,58.3144748210907,
,,58.3144748210907,
,,58.3144748210907,
,,58.3144748210907,
,,58.3144748210907,
,,58.3144748210907,
,,58.3144748210907,
,,58.3144748210907,
