alpha,beta,execution_time,error
0.000552744,0.2614167,53.89752793312073,1353.6619683375068
0.000505732,0.3416908,53.89752793312073,1353.6619683375068
0.00053281203,0.26426297,53.89752793312073,1353.6619683375068
0.12053781,-0.8631765,53.89752793312073,1353.6619683375068
