alpha,beta,execution_time,error
-0.020287815,-0.02075715,46.265055418014526,692934.7822944458
-0.00012620853,-0.045401722,46.265055418014526,692934.7822944458
0.009477649,0.025227858,46.265055418014526,692934.7822944458
0.10582127,0.010877477,46.265055418014526,692934.7822944458
1.766315,0.36008367,46.265055418014526,692934.7822944458
-0.40240893,0.47836566,46.265055418014526,692934.7822944458
0.26329884,-0.7989111,46.265055418014526,692934.7822944458
