"n","alpha","beta_rad"
1,0.26054859161376953,3.789795398712158
2,0.75858473777771,3.9456675052642822
3,4.614737190422602e-05,4.930035591125488
