{
    "metadata": {
        "source_file": "beams/beam_v2_256.mat",
        "timestamp": "20260623_130243",
        "N_modes": 3,
        "loss_sigma": 1.0,
        "learning_rate": 0.01,
        "gamma_fourier": 0.0,
        "lambda_sparse": 0.0,
        "lambda_tv": 0.0,
        "k_t_inferred": 2.295698404312134,
        "final_apodized_loss": 43.98379135131836,
        "resolution": 256,
        "window_size": 20.0
    },
    "coefficients": [
        {
            "n": 1,
            "alpha": 0.26054859161376953,
            "beta_rad": 3.789795398712158
        },
        {
            "n": 2,
            "alpha": 0.75858473777771,
            "beta_rad": 3.9456675052642822
        },
        {
            "n": 3,
            "alpha": 4.614737190422602e-05,
            "beta_rad": 4.930035591125488
        }
    ]
}