alpha,beta,execution_time,error
,,58.527921199798584,
,,58.527921199798584,
,,58.527921199798584,
,,58.527921199798584,
,,58.527921199798584,
,,58.527921199798584,
,,58.527921199798584,
,,58.527921199798584,
,,58.527921199798584,
,,58.527921199798584,
,,58.527921199798584,
,,58.527921199798584,
,,58.527921199798584,
,,58.527921199798584,
