alpha,beta,execution_time,error
-0.16975994,-0.43277287,48.50111699104309,22238.98395089089
0.0013812043,0.6840787,48.50111699104309,22238.98395089089
-0.0002566931,0.16108322,48.50111699104309,22238.98395089089
0.6091276,-0.40746915,48.50111699104309,22238.98395089089
0.005002861,0.39085186,48.50111699104309,22238.98395089089
