alpha,beta,execution_time,error
0.000997673,-0.009772719,46.897517919540405,110.72217994620289
0.0018356268,0.33092144,46.897517919540405,110.72217994620289
0.038073923,0.31820643,46.897517919540405,110.72217994620289
-0.0018468321,0.13832428,46.897517919540405,110.72217994620289
-0.0010729773,0.8192236,46.897517919540405,110.72217994620289
0.009570665,0.31445065,46.897517919540405,110.72217994620289
