alpha,beta,execution_time,error
-0.0012343684,0.7282243,65.77838945388794,892.9078996227021
-0.00095708127,0.59154624,65.77838945388794,892.9078996227021
-0.09174415,0.34606698,65.77838945388794,892.9078996227021
