alpha,beta,execution_time,error
-0.00040793026,0.13129853,46.908398151397705,1608.2356752284031
-0.00043039944,0.628588,46.908398151397705,1608.2356752284031
0.0057719694,-0.20398915,46.908398151397705,1608.2356752284031
0.093449734,-0.7195621,46.908398151397705,1608.2356752284031
0.0007879126,0.16809736,46.908398151397705,1608.2356752284031
