alpha,beta,execution_time,error
,,58.54519867897034,
,,58.54519867897034,
,,58.54519867897034,
,,58.54519867897034,
,,58.54519867897034,
,,58.54519867897034,
,,58.54519867897034,
,,58.54519867897034,
,,58.54519867897034,
,,58.54519867897034,
,,58.54519867897034,
,,58.54519867897034,
,,58.54519867897034,
,,58.54519867897034,
,,58.54519867897034,
,,58.54519867897034,
