alpha,beta,execution_time,error
0.010293742,0.70709497,45.698906660079956,134.64271234627552
-0.038439203,0.70711863,45.698906660079956,134.64271234627552
