alpha,beta,execution_time,error
,,59.41245436668396,
,,59.41245436668396,
,,59.41245436668396,
,,59.41245436668396,
,,59.41245436668396,
,,59.41245436668396,
,,59.41245436668396,
,,59.41245436668396,
,,59.41245436668396,
,,59.41245436668396,
,,59.41245436668396,
,,59.41245436668396,
,,59.41245436668396,
,,59.41245436668396,
,,59.41245436668396,
,,59.41245436668396,
,,59.41245436668396,
,,59.41245436668396,
,,59.41245436668396,
