alpha,beta,execution_time,error
0.0332897,0.1042371,62.275436878204346,58010.9279802839
0.001172383,-0.20376165,62.275436878204346,58010.9279802839
0.032452453,0.17236415,62.275436878204346,58010.9279802839
-0.67632496,0.21935041,62.275436878204346,58010.9279802839
0.004418867,-0.7928766,62.275436878204346,58010.9279802839
0.0003837769,0.041357122,62.275436878204346,58010.9279802839
-0.037704326,0.48931396,62.275436878204346,58010.9279802839
