alpha,beta,execution_time,error
,,56.74531531333923,
,,56.74531531333923,
,,56.74531531333923,
,,56.74531531333923,
,,56.74531531333923,
,,56.74531531333923,
,,56.74531531333923,
,,56.74531531333923,
,,56.74531531333923,
,,56.74531531333923,
,,56.74531531333923,
,,56.74531531333923,
,,56.74531531333923,
