alpha,beta,execution_time,error
-3.0483803e-05,-0.0011397825,50.410743713378906,41179.34410762638
-0.05902452,-0.8135536,50.410743713378906,41179.34410762638
-7.976912e-05,0.0008888606,50.410743713378906,41179.34410762638
-0.49628443,0.4112098,50.410743713378906,41179.34410762638
-0.00026174344,0.0010251492,50.410743713378906,41179.34410762638
-0.0036303438,-0.0013669201,50.410743713378906,41179.34410762638
0.0002672281,7.918639e-05,50.410743713378906,41179.34410762638
0.50093484,0.41113508,50.410743713378906,41179.34410762638
