alpha,beta,execution_time,error
0.0019857623,-0.007596531,46.52198338508606,687314.4949148654
0.015131425,0.0060437825,46.52198338508606,687314.4949148654
0.0041675633,-0.004308598,46.52198338508606,687314.4949148654
-0.25984457,-0.7075422,46.52198338508606,687314.4949148654
-0.0034195224,0.0036308842,46.52198338508606,687314.4949148654
1.858575,0.706582,46.52198338508606,687314.4949148654
