alpha,beta,execution_time,error
0.008981116,0.23043908,58.058056116104126,1612.204402414656
0.00012566184,0.20369492,58.058056116104126,1612.204402414656
0.00023368784,0.7612417,58.058056116104126,1612.204402414656
8.638934e-05,-0.50265527,58.058056116104126,1612.204402414656
0.00878647,-0.26587337,58.058056116104126,1612.204402414656
0.09055055,0.050660204,58.058056116104126,1612.204402414656
