alpha,beta,execution_time,error
,,61.4752836227417,
,,61.4752836227417,
,,61.4752836227417,
,,61.4752836227417,
,,61.4752836227417,
,,61.4752836227417,
,,61.4752836227417,
,,61.4752836227417,
,,61.4752836227417,
,,61.4752836227417,
,,61.4752836227417,
,,61.4752836227417,
,,61.4752836227417,
,,61.4752836227417,
,,61.4752836227417,
,,61.4752836227417,
,,61.4752836227417,
,,61.4752836227417,
,,61.4752836227417,
,,61.4752836227417,
,,61.4752836227417,
,,61.4752836227417,
,,61.4752836227417,
,,61.4752836227417,
,,61.4752836227417,
