alpha,beta,execution_time,error
-0.0008805394,-0.0041158297,49.49351167678833,21273.306920213807
0.0012623939,0.041978814,49.49351167678833,21273.306920213807
-0.009405038,0.17776754,49.49351167678833,21273.306920213807
0.012036857,0.5084804,49.49351167678833,21273.306920213807
-0.002844464,0.16535002,49.49351167678833,21273.306920213807
0.0055076783,-0.117197216,49.49351167678833,21273.306920213807
0.6336298,-0.8166955,49.49351167678833,21273.306920213807
