alpha,beta,execution_time,error
-0.00018476712,0.250479,52.79689955711365,892.1064640862464
0.0011028016,-0.6947257,52.79689955711365,892.1064640862464
-0.00010019264,-0.2795231,52.79689955711365,892.1064640862464
0.092050806,0.6025286,52.79689955711365,892.1064640862464
-0.0019320862,0.11594282,52.79689955711365,892.1064640862464
