alpha,beta,execution_time,error
,,47.3519082069397,
,,47.3519082069397,
,,47.3519082069397,
,,47.3519082069397,
,,47.3519082069397,
,,47.3519082069397,
,,47.3519082069397,
,,47.3519082069397,
,,47.3519082069397,
,,47.3519082069397,
,,47.3519082069397,
,,47.3519082069397,
