alpha,beta,execution_time,error
,,44.53630971908569,
,,44.53630971908569,
