alpha,beta,execution_time,error
-0.28019428,0.09975746,46.33253049850464,699119.265974659
0.26155016,-0.2894334,46.33253049850464,699119.265974659
-1.7926168,0.7617944,46.33253049850464,699119.265974659
0.9338737,-0.57091624,46.33253049850464,699119.265974659
-0.011931513,-0.0007683433,46.33253049850464,699119.265974659
