alpha,beta,execution_time,error
0.001807768,-0.18297732,51.789562702178955,890.3439081881436
0.0010597894,0.26030725,51.789562702178955,890.3439081881436
0.014931842,0.158902,51.789562702178955,890.3439081881436
-0.0009813813,-0.687228,51.789562702178955,890.3439081881436
-0.0018019152,0.60748446,51.789562702178955,890.3439081881436
0.09121178,0.17941517,51.789562702178955,890.3439081881436
