alpha,beta,execution_time,error
0.00043281494,-0.54798096,54.75224709510803,1350.1506788840286
0.00026348216,-0.003083263,54.75224709510803,1350.1506788840286
0.00040927174,-0.028498266,54.75224709510803,1350.1506788840286
-0.0004928278,-0.14026582,54.75224709510803,1350.1506788840286
0.12002841,0.6596047,54.75224709510803,1350.1506788840286
-0.000342094,0.049339052,54.75224709510803,1350.1506788840286
-0.000194041,-0.029639557,54.75224709510803,1350.1506788840286
0.010793358,0.3658273,54.75224709510803,1350.1506788840286
0.0008085653,-0.3271085,54.75224709510803,1350.1506788840286
