alpha,beta,execution_time,error
-0.00016362908,-0.0005976761,46.421093225479126,41325.88908365852
0.50300336,0.4095938,46.421093225479126,41325.88908365852
0.00014564538,-0.0009696498,46.421093225479126,41325.88908365852
-0.059965894,-0.8153051,46.421093225479126,41325.88908365852
-0.00082327717,-0.0013367118,46.421093225479126,41325.88908365852
-0.49786413,0.4092759,46.421093225479126,41325.88908365852
-0.00010853229,0.00046447472,46.421093225479126,41325.88908365852
0.0022865222,-0.00077021704,46.421093225479126,41325.88908365852
