alpha,beta,execution_time,error
,,44.40553593635559,
,,44.40553593635559,
