alpha,beta,execution_time,error
-0.000202617,0.22509782,59.015687227249146,21271.610329050738
0.0009184302,-0.8983848,59.015687227249146,21271.610329050738
0.00045568886,0.12541613,59.015687227249146,21271.610329050738
0.63312393,0.23936474,59.015687227249146,21271.610329050738
0.0016620092,0.26307988,59.015687227249146,21271.610329050738
