alpha,beta,execution_time,error
-0.0066628945,0.7135361,52.816967248916626,1353.7231234658552
0.006565998,0.5873221,52.816967248916626,1353.7231234658552
-0.12101317,0.38199326,52.816967248916626,1353.7231234658552
