alpha,beta,execution_time,error
-0.0003238849,-0.022600604,46.79882097244263,135.11488467003227
-0.0010197563,-0.16306563,46.79882097244263,135.11488467003227
0.0017594458,-0.14149216,46.79882097244263,135.11488467003227
-0.010199582,-0.23219262,46.79882097244263,135.11488467003227
0.001783984,-0.17129968,46.79882097244263,135.11488467003227
0.0033388927,0.9061796,46.79882097244263,135.11488467003227
-0.0003865798,0.040231425,46.79882097244263,135.11488467003227
0.038762163,-0.21642949,46.79882097244263,135.11488467003227
