alpha,beta,execution_time,error
-0.084577255,-0.43444774,50.50403642654419,965.3372060654067
-0.00043808788,0.0030960548,50.50403642654419,965.3372060654067
0.0003002492,0.016156353,50.50403642654419,965.3372060654067
0.00034466895,0.0030822319,50.50403642654419,965.3372060654067
0.03190547,-0.40745273,50.50403642654419,965.3372060654067
0.00036035024,0.011551109,50.50403642654419,965.3372060654067
-0.024869459,0.8030047,50.50403642654419,965.3372060654067
-0.00022702232,0.0027223865,50.50403642654419,965.3372060654067
