alpha,beta,execution_time,error
,,58.79766058921814,
,,58.79766058921814,
,,58.79766058921814,
,,58.79766058921814,
,,58.79766058921814,
,,58.79766058921814,
,,58.79766058921814,
,,58.79766058921814,
,,58.79766058921814,
,,58.79766058921814,
,,58.79766058921814,
,,58.79766058921814,
,,58.79766058921814,
,,58.79766058921814,
,,58.79766058921814,
,,58.79766058921814,
,,58.79766058921814,
,,58.79766058921814,
,,58.79766058921814,
,,58.79766058921814,
