alpha,beta,execution_time,error
0.024750955,0.13934417,46.08200025558472,35388.19659264805
-0.50871867,0.2698224,46.08200025558472,35388.19659264805
-0.00063298794,-0.007819021,46.08200025558472,35388.19659264805
-0.0031995645,-0.058028024,46.08200025558472,35388.19659264805
0.36121368,0.2703714,46.08200025558472,35388.19659264805
-0.05015333,0.2551578,46.08200025558472,35388.19659264805
0.019570865,-0.8752968,46.08200025558472,35388.19659264805
