alpha,beta,execution_time,error
1.833969,0.8198319,45.51072072982788,695693.4431056886
0.53178114,-0.4010062,45.51072072982788,695693.4431056886
0.020766659,-0.0067787347,45.51072072982788,695693.4431056886
0.51473635,-0.40868536,45.51072072982788,695693.4431056886
