alpha,beta,execution_time,error
,,57.436323404312134,
,,57.436323404312134,
,,57.436323404312134,
,,57.436323404312134,
,,57.436323404312134,
,,57.436323404312134,
,,57.436323404312134,
,,57.436323404312134,
,,57.436323404312134,
,,57.436323404312134,
,,57.436323404312134,
,,57.436323404312134,
,,57.436323404312134,
,,57.436323404312134,
,,57.436323404312134,
