alpha,beta,execution_time,error
0.00042486624,-0.11604705,46.19752883911133,133.26040905835276
-0.009698677,-0.3655043,46.19752883911133,133.26040905835276
0.0033045828,0.8534733,46.19752883911133,133.26040905835276
0.037654296,-0.35287833,46.19752883911133,133.26040905835276
