alpha,beta,execution_time,error
0.0006867437,-0.012503271,47.15298581123352,34929.23696237701
-0.30905926,-0.46109334,47.15298581123352,34929.23696237701
-0.0044134934,0.44930568,47.15298581123352,34929.23696237701
0.0043187262,0.1376201,47.15298581123352,34929.23696237701
0.0023908291,0.046226364,47.15298581123352,34929.23696237701
-0.0014311887,0.5763719,47.15298581123352,34929.23696237701
0.5555548,-0.4578143,47.15298581123352,34929.23696237701
0.0010834606,-0.04647503,47.15298581123352,34929.23696237701
0.0010314048,-0.1425707,47.15298581123352,34929.23696237701
