alpha,beta,execution_time,error
0.011306412,0.35342655,51.172236919403076,926.3703523902774
-0.014989285,-0.5216489,51.172236919403076,926.3703523902774
-0.020394037,0.62660664,51.172236919403076,926.3703523902774
0.087837204,-0.45862436,51.172236919403076,926.3703523902774
