alpha,beta,execution_time,error
,,59.24842143058777,
,,59.24842143058777,
,,59.24842143058777,
,,59.24842143058777,
,,59.24842143058777,
,,59.24842143058777,
,,59.24842143058777,
,,59.24842143058777,
,,59.24842143058777,
,,59.24842143058777,
,,59.24842143058777,
,,59.24842143058777,
,,59.24842143058777,
,,59.24842143058777,
,,59.24842143058777,
,,59.24842143058777,
,,59.24842143058777,
,,59.24842143058777,
