alpha,beta,execution_time,error
0.001768317,0.23555496,48.95875358581543,21256.728435416066
0.0017832028,0.5595041,48.95875358581543,21256.728435416066
-0.63444066,-0.7946502,48.95875358581543,21256.728435416066
