alpha,beta,execution_time,error
-0.00664296,0.71349734,54.741793632507324,1353.6961461870587
0.0065777143,0.5878319,54.741793632507324,1353.6961461870587
-0.12102608,0.3812809,54.741793632507324,1353.6961461870587
