alpha,beta,execution_time,error
-0.008668356,0.0047061834,31.730695724487305,41223.63353691585
-0.49164858,-0.40809712,31.730695724487305,41223.63353691585
-0.058216523,0.81574637,31.730695724487305,41223.63353691585
0.50662094,-0.4098688,31.730695724487305,41223.63353691585
