alpha,beta,execution_time,error
,,57.0275764465332,
,,57.0275764465332,
,,57.0275764465332,
,,57.0275764465332,
,,57.0275764465332,
,,57.0275764465332,
,,57.0275764465332,
,,57.0275764465332,
,,57.0275764465332,
,,57.0275764465332,
,,57.0275764465332,
,,57.0275764465332,
,,57.0275764465332,
,,57.0275764465332,
,,57.0275764465332,
