alpha,beta,execution_time,error
-0.015004809,0.6958901,51.36531352996826,889.633487172788
-0.09147689,0.7181483,51.36531352996826,889.633487172788
