alpha,beta,execution_time,error
0.0009126407,0.45503506,58.22942566871643,1609.906924264521
5.1805415e-05,-0.08996405,58.22942566871643,1609.906924264521
-0.00019221459,0.4112845,58.22942566871643,1609.906924264521
0.092554815,-0.7846621,58.22942566871643,1609.906924264521
