alpha,beta,execution_time,error
,,61.288219928741455,
,,61.288219928741455,
,,61.288219928741455,
,,61.288219928741455,
,,61.288219928741455,
,,61.288219928741455,
,,61.288219928741455,
,,61.288219928741455,
,,61.288219928741455,
,,61.288219928741455,
,,61.288219928741455,
,,61.288219928741455,
,,61.288219928741455,
,,61.288219928741455,
,,61.288219928741455,
,,61.288219928741455,
,,61.288219928741455,
,,61.288219928741455,
,,61.288219928741455,
,,61.288219928741455,
,,61.288219928741455,
,,61.288219928741455,
,,61.288219928741455,
