alpha,beta,execution_time,error
-0.02431622,0.04291511,58.04021167755127,63847.78379256242
-0.7110664,0.27320483,58.04021167755127,63847.78379256242
0.00088190555,0.0022960012,58.04021167755127,63847.78379256242
-0.059179448,0.1434907,58.04021167755127,63847.78379256242
0.036893614,0.12811838,58.04021167755127,63847.78379256242
0.0022999041,-0.0040201517,58.04021167755127,63847.78379256242
0.3459843,0.28345117,58.04021167755127,63847.78379256242
-0.020978577,0.021516722,58.04021167755127,63847.78379256242
0.005131732,-0.89759934,58.04021167755127,63847.78379256242
