alpha,beta,execution_time,error
,,44.07682657241821,
,,44.07682657241821,
,,44.07682657241821,
,,44.07682657241821,
,,44.07682657241821,
,,44.07682657241821,
