alpha,beta,execution_time,error
0.6441888,-0.7071426,46.18915843963623,21103.118135984118
0.0015245092,0.7070702,46.18915843963623,21103.118135984118
-0.00039642624,-0.001063018,46.18915843963623,21103.118135984118
