alpha,beta,execution_time,error
,,56.24648571014404,
,,56.24648571014404,
,,56.24648571014404,
,,56.24648571014404,
,,56.24648571014404,
,,56.24648571014404,
,,56.24648571014404,
,,56.24648571014404,
