alpha,beta,execution_time,error
0.00057920197,-0.004166118,51.14831614494324,20710.021614117984
0.00053160626,0.10015754,51.14831614494324,20710.021614117984
0.0072269547,0.16986664,51.14831614494324,20710.021614117984
-0.0071691736,0.18056317,51.14831614494324,20710.021614117984
-0.008398653,-0.9025801,51.14831614494324,20710.021614117984
-0.0015607709,-0.062223405,51.14831614494324,20710.021614117984
0.71736664,0.3316183,51.14831614494324,20710.021614117984
