alpha,beta,execution_time,error
-0.28378707,0.10829275,45.56082367897034,699158.0820619805
0.27666056,-0.2996135,45.56082367897034,699158.0820619805
-1.7952435,0.7590032,45.56082367897034,699158.0820619805
0.92783284,-0.5678188,45.56082367897034,699158.0820619805
0.021652007,-0.00059509254,45.56082367897034,699158.0820619805
