alpha,beta,execution_time,error
-0.070485055,-0.70510125,57.79617762565613,1657.7636829766489
0.012105422,-0.011410251,57.79617762565613,1657.7636829766489
0.05945347,0.70884997,57.79617762565613,1657.7636829766489
-0.0052692303,-0.005520042,57.79617762565613,1657.7636829766489
0.00053479034,0.0010041883,57.79617762565613,1657.7636829766489
-0.014355658,0.005138905,57.79617762565613,1657.7636829766489
-0.0007332332,-0.008420195,57.79617762565613,1657.7636829766489
-0.0046678013,0.010246008,57.79617762565613,1657.7636829766489
