alpha,beta,execution_time,error
0.004033533,-0.3954529,62.23891353607178,58223.82980030117
-0.0075300345,-0.24122661,62.23891353607178,58223.82980030117
0.3359905,0.4765261,62.23891353607178,58223.82980030117
0.0007941288,-0.3070443,62.23891353607178,58223.82980030117
0.0029416487,-0.21866211,62.23891353607178,58223.82980030117
0.64805144,0.6451823,62.23891353607178,58223.82980030117
