alpha,beta,execution_time,error
-0.27050433,0.70903164,46.22132086753845,687197.2506132314
0.023341637,-0.0030949113,46.22132086753845,687197.2506132314
-1.8851557,-0.70516986,46.22132086753845,687197.2506132314
