alpha,beta,execution_time,error
-0.012786326,-0.22244658,58.00826144218445,1676.2675889231211
-0.08182661,-0.30298805,58.00826144218445,1676.2675889231211
0.00082613877,0.06935048,58.00826144218445,1676.2675889231211
0.001699881,0.28108445,58.00826144218445,1676.2675889231211
-0.0004539532,0.64141273,58.00826144218445,1676.2675889231211
0.00093252264,0.35925388,58.00826144218445,1676.2675889231211
0.051046576,-0.34282973,58.00826144218445,1676.2675889231211
-0.013819784,-0.248022,58.00826144218445,1676.2675889231211
0.006812905,-0.23532316,58.00826144218445,1676.2675889231211
