alpha,beta,execution_time,error
-0.33659005,0.6167564,60.217960596084595,58228.9759980806
-0.6475683,0.787154,60.217960596084595,58228.9759980806
