alpha,beta,execution_time,error
-0.00084999105,-0.37070003,57.69684076309204,1608.2888365782364
0.0031975047,0.28026167,57.69684076309204,1608.2888365782364
-0.00017558066,-0.19137402,57.69684076309204,1608.2888365782364
0.00021909279,-0.6484738,57.69684076309204,1608.2888365782364
0.0922623,0.20973618,57.69684076309204,1608.2888365782364
0.007319465,0.41084892,57.69684076309204,1608.2888365782364
0.008361763,0.33779645,57.69684076309204,1608.2888365782364
