alpha,beta,execution_time,error
-0.00041415408,-0.14761585,31.12818717956543,20706.268329358816
0.00010255774,0.9743903,31.12818717956543,20706.268329358816
-0.7125598,0.16962627,31.12818717956543,20706.268329358816
