alpha,beta,execution_time,error
0.04612175,0.38155782,50.494354248046875,986.6818619456535
0.0005074704,0.009832911,50.494354248046875,986.6818619456535
0.04263204,-0.49368185,50.494354248046875,986.6818619456535
-0.012886889,-0.36761943,50.494354248046875,986.6818619456535
-0.012984086,0.36184818,50.494354248046875,986.6818619456535
-0.03903869,0.4694132,50.494354248046875,986.6818619456535
0.00040689012,-0.009421481,50.494354248046875,986.6818619456535
0.045876827,-0.35224867,50.494354248046875,986.6818619456535
8.857927e-05,-0.0007082983,50.494354248046875,986.6818619456535
