alpha,beta,execution_time,error
,,44.48871445655823,
,,44.48871445655823,
,,44.48871445655823,
,,44.48871445655823,
