alpha,beta,execution_time,error
0.0017572453,-0.19141397,52.53058075904846,890.5864209405316
0.0013576325,0.3552323,52.53058075904846,890.5864209405316
0.014901359,0.118025295,52.53058075904846,890.5864209405316
-0.0010005729,-0.6649342,52.53058075904846,890.5864209405316
-0.0019183966,0.60161185,52.53058075904846,890.5864209405316
0.09110892,0.13844244,52.53058075904846,890.5864209405316
