alpha,beta,execution_time,error
,,58.82768726348877,
,,58.82768726348877,
,,58.82768726348877,
,,58.82768726348877,
,,58.82768726348877,
,,58.82768726348877,
,,58.82768726348877,
,,58.82768726348877,
,,58.82768726348877,
,,58.82768726348877,
,,58.82768726348877,
,,58.82768726348877,
,,58.82768726348877,
