alpha,beta,execution_time,error
,,45.60281252861023,
,,45.60281252861023,
,,45.60281252861023,
,,45.60281252861023,
,,45.60281252861023,
,,45.60281252861023,
,,45.60281252861023,
,,45.60281252861023,
,,45.60281252861023,
