alpha,beta,execution_time,error
0.0032767428,-0.0043364177,46.47243022918701,687083.2691522072
0.0059376503,0.0018562662,46.47243022918701,687083.2691522072
-0.005597452,-0.003144427,46.47243022918701,687083.2691522072
-0.26130816,-0.7039062,46.47243022918701,687083.2691522072
-0.004836571,0.003004168,46.47243022918701,687083.2691522072
1.8835471,0.71026397,46.47243022918701,687083.2691522072
