alpha,beta,execution_time,error
-0.0026998718,0.0059072617,42.90459322929382,41019.475823608234
-0.48901975,-0.40925872,42.90459322929382,41019.475823608234
-0.058675677,0.81515735,42.90459322929382,41019.475823608234
0.50421196,-0.40986693,42.90459322929382,41019.475823608234
