alpha,beta,execution_time,error
-0.33659902,0.61675274,60.37718415260315,58228.777998205136
-0.6476089,0.787157,60.37718415260315,58228.777998205136
