alpha,beta,execution_time,error
-0.006827567,0.7076354,48.48950982093811,1353.4358201485875
0.006761207,0.5927804,48.48950982093811,1353.4358201485875
-0.12114702,0.3845304,48.48950982093811,1353.4358201485875
