alpha,beta,execution_time,error
0.0009435875,0.23909353,44.809797048568726,21266.515335878423
-0.0005634307,0.55791044,44.809797048568726,21266.515335878423
-0.6336604,-0.79471403,44.809797048568726,21266.515335878423
