alpha,beta,execution_time,error
-0.00096929434,0.29893535,55.052916049957275,1356.376183923495
0.0012341079,0.3618172,55.052916049957275,1356.376183923495
0.0031301212,0.16690652,55.052916049957275,1356.376183923495
0.11969682,-0.8662769,55.052916049957275,1356.376183923495
0.00028799777,0.03784937,55.052916049957275,1356.376183923495
