alpha,beta,execution_time,error
-0.13871937,0.16585939,46.40061545372009,25672.905560970506
-0.0017219343,0.09097561,46.40061545372009,25672.905560970506
-0.0018592845,-0.86287713,46.40061545372009,25672.905560970506
0.6198069,0.16378792,46.40061545372009,25672.905560970506
-0.0013310404,0.4391249,46.40061545372009,25672.905560970506
