alpha,beta,execution_time,error
0.00087871356,-0.34359297,53.2048499584198,83210.37606749663
0.47488162,0.32379508,53.2048499584198,83210.37606749663
0.0008307836,-0.31099227,53.2048499584198,83210.37606749663
-0.49681914,0.33225793,53.2048499584198,83210.37606749663
-0.002295599,-0.32368731,53.2048499584198,83210.37606749663
-0.5186639,0.4792143,53.2048499584198,83210.37606749663
0.0020212722,0.0357722,53.2048499584198,83210.37606749663
0.4967776,0.48403475,53.2048499584198,83210.37606749663
