alpha,beta,execution_time,error
-0.022865621,0.042481072,53.8435378074646,63821.54460870122
-0.71110094,0.27355805,53.8435378074646,63821.54460870122
-0.002587409,0.007860149,53.8435378074646,63821.54460870122
-0.058983225,0.14501554,53.8435378074646,63821.54460870122
0.037455805,0.13104676,53.8435378074646,63821.54460870122
-0.002584291,-0.009977022,53.8435378074646,63821.54460870122
0.34522513,0.27737522,53.8435378074646,63821.54460870122
-0.02045159,0.022021886,53.8435378074646,63821.54460870122
0.0048593986,-0.8986519,53.8435378074646,63821.54460870122
