alpha,beta,execution_time,error
,,44.20449781417847,
,,44.20449781417847,
,,44.20449781417847,
,,44.20449781417847,
,,44.20449781417847,
