alpha,beta,execution_time,error
0.4962141,0.41208085,61.70266366004944,68138.0373510134
0.51872873,0.4189244,61.70266366004944,68138.0373510134
-0.49626288,0.5684999,61.70266366004944,68138.0373510134
0.4730024,0.57576007,61.70266366004944,68138.0373510134
