alpha,beta,execution_time,error
-0.13847606,0.16444668,46.34546136856079,25662.983770474344
0.0005558091,0.0965624,46.34546136856079,25662.983770474344
-0.00046050354,-0.86221194,46.34546136856079,25662.983770474344
0.61937004,0.15797082,46.34546136856079,25662.983770474344
0.0014403526,0.44189227,46.34546136856079,25662.983770474344
