alpha,beta,execution_time,error
0.00051985454,-0.3414775,53.42730498313904,83321.60079056364
0.47492594,0.32347366,53.42730498313904,83321.60079056364
0.0016174612,-0.31331265,53.42730498313904,83321.60079056364
-0.49761295,0.33086568,53.42730498313904,83321.60079056364
0.00042432375,-0.320984,53.42730498313904,83321.60079056364
-0.5194896,0.48142865,53.42730498313904,83321.60079056364
-0.0030476532,0.031175429,53.42730498313904,83321.60079056364
0.49768114,0.4851235,53.42730498313904,83321.60079056364
