alpha,beta,execution_time,error
-0.27812192,0.09990623,45.83524131774902,699109.6702136317
0.2607194,-0.29019338,45.83524131774902,699109.6702136317
-1.7937768,0.76190865,45.83524131774902,699109.6702136317
0.93374187,-0.5703523,45.83524131774902,699109.6702136317
-0.011741768,-0.00041372637,45.83524131774902,699109.6702136317
