alpha,beta,execution_time,error
-0.0011290975,-0.008192096,46.13815879821777,21082.367536709404
-0.0026041693,-0.43936926,46.13815879821777,21082.367536709404
-0.00068099186,0.005523832,46.13815879821777,21082.367536709404
0.6444643,0.8166681,46.13815879821777,21082.367536709404
-0.002958976,-0.37403688,46.13815879821777,21082.367536709404
-0.00018988515,0.002566625,46.13815879821777,21082.367536709404
