alpha,beta,execution_time,error
-0.0064052846,-0.6093637,45.4847514629364,686078.5354925288
-1.8790808,0.7928907,45.4847514629364,686078.5354925288
