alpha,beta,execution_time,error
-0.13651958,-0.25343767,62.292580366134644,58690.4440787019
-0.0069808196,0.88296854,62.292580366134644,58690.4440787019
0.011049258,-0.30471236,62.292580366134644,58690.4440787019
0.68119156,-0.23628004,62.292580366134644,58690.4440787019
0.011905494,-0.086360365,62.292580366134644,58690.4440787019
