alpha,beta,execution_time,error
-0.13727984,-0.20007218,62.38118004798889,58706.41939123015
0.0028799807,0.8618443,62.38118004798889,58706.41939123015
0.012169498,-0.43147722,62.38118004798889,58706.41939123015
0.6896218,-0.16657032,62.38118004798889,58706.41939123015
0.014559966,-0.057246223,62.38118004798889,58706.41939123015
