alpha,beta,execution_time,error
0.0010239688,0.05542013,53.15237283706665,20727.97889502384
-0.0077323224,0.8278753,53.15237283706665,20727.97889502384
-0.0008383984,0.0301538,53.15237283706665,20727.97889502384
0.014147716,-0.29002395,53.15237283706665,20727.97889502384
-0.014275897,-0.31158516,53.15237283706665,20727.97889502384
-0.0011045274,-0.14390717,53.15237283706665,20727.97889502384
-0.0004813592,0.055646498,53.15237283706665,20727.97889502384
-0.0016931924,0.047229636,53.15237283706665,20727.97889502384
-0.71390486,-0.32156834,53.15237283706665,20727.97889502384
