alpha,beta,execution_time,error
-0.0014591862,-0.15216246,45.89390182495117,121.03461396127614
0.0037647989,-0.08847907,45.89390182495117,121.03461396127614
-0.0020605032,-0.26311666,45.89390182495117,121.03461396127614
-0.00028403004,0.553469,45.89390182495117,121.03461396127614
0.0003411834,0.66867954,45.89390182495117,121.03461396127614
0.002122746,-0.17988695,45.89390182495117,121.03461396127614
0.003725434,-0.22842449,45.89390182495117,121.03461396127614
-0.0014361118,-0.11616904,45.89390182495117,121.03461396127614
-0.038795684,-0.21976155,45.89390182495117,121.03461396127614
