alpha,beta,execution_time,error
-0.08558479,-0.44310328,48.649385929107666,964.4402937714508
-0.0002276307,0.008490806,48.649385929107666,964.4402937714508
0.0017756986,0.030199895,48.649385929107666,964.4402937714508
-0.0005431943,0.010693704,48.649385929107666,964.4402937714508
0.031843945,-0.42568204,48.649385929107666,964.4402937714508
0.0013478098,0.021341251,48.649385929107666,964.4402937714508
-0.024423983,0.7879152,48.649385929107666,964.4402937714508
8.6364125e-05,0.009487405,48.649385929107666,964.4402937714508
