alpha,beta,execution_time,error
-0.033026204,0.0725438,45.908408403396606,121.7447649130787
-0.00012333492,0.9849995,45.908408403396606,121.7447649130787
-0.004738094,0.15656774,45.908408403396606,121.7447649130787
