alpha,beta,execution_time,error
-0.011066076,-0.22998825,49.17830467224121,21994.448696826425
-0.0011438075,0.0761982,49.17830467224121,21994.448696826425
0.14568786,-0.41410068,49.17830467224121,21994.448696826425
-0.6107657,-0.41403273,49.17830467224121,21994.448696826425
-0.0026473217,-0.051140822,49.17830467224121,21994.448696826425
-0.0025455456,0.6350278,49.17830467224121,21994.448696826425
-0.0026528111,0.43523145,49.17830467224121,21994.448696826425
-0.0038608115,0.055629462,49.17830467224121,21994.448696826425
-0.0007948483,-4.7159807e-05,49.17830467224121,21994.448696826425
