alpha,beta,execution_time,error
0.0024088311,-0.61419445,52.73710322380066,21314.878206557773
0.034460437,0.3039333,52.73710322380066,21314.878206557773
0.63172835,0.32906303,52.73710322380066,21314.878206557773
-0.0013411082,-0.45859334,52.73710322380066,21314.878206557773
0.0016224502,-0.17884016,52.73710322380066,21314.878206557773
0.006276292,0.42404664,52.73710322380066,21314.878206557773
