alpha,beta,execution_time,error
,,51.22944927215576,
,,51.22944927215576,
,,51.22944927215576,
,,51.22944927215576,
,,51.22944927215576,
,,51.22944927215576,
,,51.22944927215576,
,,51.22944927215576,
,,51.22944927215576,
,,51.22944927215576,
,,51.22944927215576,
,,51.22944927215576,
,,51.22944927215576,
,,51.22944927215576,
,,51.22944927215576,
,,51.22944927215576,
,,51.22944927215576,
,,51.22944927215576,
,,51.22944927215576,
,,51.22944927215576,
,,51.22944927215576,
,,51.22944927215576,
