alpha,beta,execution_time,error
-0.0007052768,-0.47376502,53.41354537010193,1353.33735181168
0.0009873345,-0.39359504,53.41354537010193,1353.33735181168
-0.0012094255,-0.033985913,53.41354537010193,1353.33735181168
0.00050756626,0.00040676788,53.41354537010193,1353.33735181168
0.12013265,0.6814702,53.41354537010193,1353.33735181168
-0.0011106575,-0.13619338,53.41354537010193,1353.33735181168
0.0053751096,0.3694918,53.41354537010193,1353.33735181168
