alpha,beta,execution_time,error
0.034243487,0.10327236,61.85165214538574,57990.24747351421
0.0024442314,-0.14586873,61.85165214538574,57990.24747351421
-0.032464772,0.15381992,61.85165214538574,57990.24747351421
-0.67515093,0.2143345,61.85165214538574,57990.24747351421
-0.0056829276,-0.81542295,61.85165214538574,57990.24747351421
-0.0012963961,0.032798603,61.85165214538574,57990.24747351421
-0.035245143,0.48214844,61.85165214538574,57990.24747351421
