alpha,beta,execution_time,error
,,57.51629137992859,
,,57.51629137992859,
,,57.51629137992859,
,,57.51629137992859,
,,57.51629137992859,
,,57.51629137992859,
,,57.51629137992859,
