alpha,beta,execution_time,error
-0.00095930253,-0.5665772,54.37638449668884,1347.5984189487442
0.00067855476,-0.0030963083,54.37638449668884,1347.5984189487442
-0.00039723306,-0.03876255,54.37638449668884,1347.5984189487442
-0.0005822734,-0.17604613,54.37638449668884,1347.5984189487442
0.119969174,0.6627433,54.37638449668884,1347.5984189487442
-0.0002778459,0.051779136,54.37638449668884,1347.5984189487442
-0.00042538697,-0.053773306,54.37638449668884,1347.5984189487442
0.011029227,0.37143847,54.37638449668884,1347.5984189487442
-0.00066758256,-0.25242457,54.37638449668884,1347.5984189487442
