alpha,beta,execution_time,error
0.0011023536,-0.0011432484,46.05698847770691,110.78279226096407
0.0017936779,0.32746506,46.05698847770691,110.78279226096407
0.037952386,0.31782502,46.05698847770691,110.78279226096407
-0.0018658646,0.13173984,46.05698847770691,110.78279226096407
-0.0010755947,0.8231195,46.05698847770691,110.78279226096407
0.009608591,0.31124184,46.05698847770691,110.78279226096407
