alpha,beta,execution_time,error
,,59.31614637374878,
,,59.31614637374878,
,,59.31614637374878,
,,59.31614637374878,
,,59.31614637374878,
,,59.31614637374878,
,,59.31614637374878,
,,59.31614637374878,
,,59.31614637374878,
,,59.31614637374878,
,,59.31614637374878,
,,59.31614637374878,
,,59.31614637374878,
,,59.31614637374878,
,,59.31614637374878,
,,59.31614637374878,
,,59.31614637374878,
,,59.31614637374878,
,,59.31614637374878,
,,59.31614637374878,
,,59.31614637374878,
,,59.31614637374878,
,,59.31614637374878,
