alpha,beta,execution_time,error
,,56.079298973083496,
,,56.079298973083496,
,,56.079298973083496,
,,56.079298973083496,
,,56.079298973083496,
,,56.079298973083496,
,,56.079298973083496,
,,56.079298973083496,
,,56.079298973083496,
,,56.079298973083496,
,,56.079298973083496,
,,56.079298973083496,
