alpha,beta,execution_time,error
0.0005698569,-0.4293117,52.925227642059326,1361.5813298819864
0.00045350165,-0.48151606,52.925227642059326,1361.5813298819864
-0.00074848766,-0.021781664,52.925227642059326,1361.5813298819864
0.0004086148,-0.00035390828,52.925227642059326,1361.5813298819864
0.117847554,0.6264837,52.925227642059326,1361.5813298819864
-0.00047613014,-0.111884296,52.925227642059326,1361.5813298819864
0.005537491,0.42232618,52.925227642059326,1361.5813298819864
