alpha,beta,execution_time,error
,,45.52595496177673,
,,45.52595496177673,
,,45.52595496177673,
,,45.52595496177673,
,,45.52595496177673,
,,45.52595496177673,
,,45.52595496177673,
,,45.52595496177673,
,,45.52595496177673,
,,45.52595496177673,
