alpha,beta,execution_time,error
-0.00065703696,0.85822475,58.50312924385071,1610.4224772496154
-0.092309505,0.513274,58.50312924385071,1610.4224772496154
