alpha,beta,execution_time,error
,,59.29245400428772,
,,59.29245400428772,
,,59.29245400428772,
,,59.29245400428772,
,,59.29245400428772,
,,59.29245400428772,
,,59.29245400428772,
,,59.29245400428772,
,,59.29245400428772,
,,59.29245400428772,
,,59.29245400428772,
,,59.29245400428772,
,,59.29245400428772,
,,59.29245400428772,
,,59.29245400428772,
,,59.29245400428772,
,,59.29245400428772,
