"n","alpha","beta_rad"
1,0.2613426744937897,3.4233922958374023
2,0.7578005790710449,3.2673709392547607
