{
    "metadata": {
        "source_file": "beams/beam_v1_256.mat",
        "timestamp": "20260623_130024",
        "N_modes": 2,
        "loss_sigma": 1.0,
        "learning_rate": 0.01,
        "gamma_fourier": 0.0,
        "lambda_sparse": 0.0,
        "lambda_tv": 0.0,
        "k_t_inferred": 1.9877970218658447,
        "final_apodized_loss": 43.983795166015625,
        "resolution": 256,
        "window_size": 20.0
    },
    "coefficients": [
        {
            "n": 1,
            "alpha": 0.2613426744937897,
            "beta_rad": 3.4233922958374023
        },
        {
            "n": 2,
            "alpha": 0.7578005790710449,
            "beta_rad": 3.2673709392547607
        }
    ]
}