alpha,beta,execution_time,error
-0.0005168764,-0.5197995,60.68273639678955,58196.79507275727
-0.0008846725,-0.35360572,60.68273639678955,58196.79507275727
-0.63336414,0.77767056,60.68273639678955,58196.79507275727
