alpha,beta,execution_time,error
,,57.39366579055786,
,,57.39366579055786,
,,57.39366579055786,
,,57.39366579055786,
,,57.39366579055786,
,,57.39366579055786,
,,57.39366579055786,
,,57.39366579055786,
