alpha,beta,execution_time,error
-0.0006238658,0.2952915,53.88679122924805,1344.8403217652208
0.006761347,-0.22148402,53.88679122924805,1344.8403217652208
0.00055473595,0.59993047,53.88679122924805,1344.8403217652208
0.006435512,-0.31371182,53.88679122924805,1344.8403217652208
-0.00090205215,0.23538497,53.88679122924805,1344.8403217652208
0.12153814,-0.5916164,53.88679122924805,1344.8403217652208
