alpha,beta,execution_time,error
0.0046327836,0.68703777,58.07816457748413,1610.7851306902926
-0.004250379,0.46569893,58.07816457748413,1610.7851306902926
-0.09233137,0.5577666,58.07816457748413,1610.7851306902926
