alpha,beta,execution_time,error
0.0016679418,-0.1940366,51.92467999458313,892.0070703857651
0.0013471327,0.35685286,51.92467999458313,892.0070703857651
0.014759684,0.121272154,51.92467999458313,892.0070703857651
-0.00093456986,-0.6665401,51.92467999458313,892.0070703857651
-0.0018285449,0.5962438,51.92467999458313,892.0070703857651
0.09042692,0.14323567,51.92467999458313,892.0070703857651
