alpha,beta,execution_time,error
,,60.615281105041504,
,,60.615281105041504,
,,60.615281105041504,
,,60.615281105041504,
,,60.615281105041504,
,,60.615281105041504,
,,60.615281105041504,
,,60.615281105041504,
,,60.615281105041504,
,,60.615281105041504,
,,60.615281105041504,
,,60.615281105041504,
,,60.615281105041504,
,,60.615281105041504,
,,60.615281105041504,
,,60.615281105041504,
,,60.615281105041504,
,,60.615281105041504,
,,60.615281105041504,
,,60.615281105041504,
,,60.615281105041504,
,,60.615281105041504,
