alpha,beta,execution_time,error
-0.49017015,0.40767157,50.74501824378967,6322.522100241202
-0.00040103076,-0.00023194225,50.74501824378967,6322.522100241202
0.09104824,-0.81567484,50.74501824378967,6322.522100241202
0.00094330544,0.0005452665,50.74501824378967,6322.522100241202
-0.4869426,0.41045544,50.74501824378967,6322.522100241202
-0.0007224992,-0.00047107675,50.74501824378967,6322.522100241202
0.0037159778,-0.002032735,50.74501824378967,6322.522100241202
-0.00013973759,3.500055e-05,50.74501824378967,6322.522100241202
