alpha,beta,execution_time,error
,,59.29571747779846,
,,59.29571747779846,
,,59.29571747779846,
,,59.29571747779846,
,,59.29571747779846,
,,59.29571747779846,
,,59.29571747779846,
,,59.29571747779846,
,,59.29571747779846,
,,59.29571747779846,
,,59.29571747779846,
,,59.29571747779846,
,,59.29571747779846,
,,59.29571747779846,
,,59.29571747779846,
,,59.29571747779846,
