alpha,beta,execution_time,error
0.027342346,0.13946508,46.41270613670349,35366.51140378772
-0.507663,0.27050242,46.41270613670349,35366.51140378772
-0.0014223773,-0.014030793,46.41270613670349,35366.51140378772
0.0033550756,-0.05704675,46.41270613670349,35366.51140378772
0.36104482,0.2718216,46.41270613670349,35366.51140378772
-0.052348286,0.2528441,46.41270613670349,35366.51140378772
0.020155523,-0.87527686,46.41270613670349,35366.51140378772
