alpha,beta,execution_time,error
-0.63373184,0.5084939,42.59156560897827,21266.542912272704
-0.008635453,0.86106557,42.59156560897827,21266.542912272704
