alpha,beta,execution_time,error
-0.0006793373,0.30895224,55.054516315460205,1354.518237599469
-0.001106316,0.35895562,55.054516315460205,1354.518237599469
0.0032752901,0.17393139,55.054516315460205,1354.518237599469
0.12019834,-0.86301434,55.054516315460205,1354.518237599469
0.00017663866,0.025562193,55.054516315460205,1354.518237599469
