alpha,beta,execution_time,error
0.00079076894,-0.37814528,52.78309774398804,1609.4495537399584
0.0031053466,0.290857,52.78309774398804,1609.4495537399584
0.0005065844,-0.19453055,52.78309774398804,1609.4495537399584
0.00048239707,-0.6445178,52.78309774398804,1609.4495537399584
0.09152007,0.20709896,52.78309774398804,1609.4495537399584
0.007352007,0.4047869,52.78309774398804,1609.4495537399584
0.008382655,0.33529162,52.78309774398804,1609.4495537399584
