alpha,beta,execution_time,error
,,44.480570793151855,
,,44.480570793151855,
,,44.480570793151855,
,,44.480570793151855,
,,44.480570793151855,
