alpha,beta,execution_time,error
-0.09131684,-0.71732897,52.863357067108154,1469.63557383654
0.0009066209,0.0031342658,52.863357067108154,1469.63557383654
0.078275464,0.689578,52.863357067108154,1469.63557383654
0.005324001,-0.054976568,52.863357067108154,1469.63557383654
0.001015969,0.024057066,52.863357067108154,1469.63557383654
-0.008905704,0.0133770285,52.863357067108154,1469.63557383654
-0.0006308176,-0.028739471,52.863357067108154,1469.63557383654
0.00558852,0.07283798,52.863357067108154,1469.63557383654
