alpha,beta,execution_time,error
,,61.582069873809814,
,,61.582069873809814,
,,61.582069873809814,
,,61.582069873809814,
,,61.582069873809814,
,,61.582069873809814,
,,61.582069873809814,
,,61.582069873809814,
,,61.582069873809814,
,,61.582069873809814,
,,61.582069873809814,
,,61.582069873809814,
,,61.582069873809814,
,,61.582069873809814,
,,61.582069873809814,
,,61.582069873809814,
,,61.582069873809814,
,,61.582069873809814,
,,61.582069873809814,
,,61.582069873809814,
,,61.582069873809814,
,,61.582069873809814,
,,61.582069873809814,
,,61.582069873809814,
