alpha,beta,execution_time,error
-0.04524812,-0.5181799,72.6095883846283,950.617869668089
-0.018172577,0.33887792,72.6095883846283,950.617869668089
-0.034987953,0.33332923,72.6095883846283,950.617869668089
-0.04077699,-0.47276542,72.6095883846283,950.617869668089
0.012560456,-0.17516674,72.6095883846283,950.617869668089
-0.05005765,0.5012927,72.6095883846283,950.617869668089
-0.0018650548,-0.007619227,72.6095883846283,950.617869668089
