alpha,beta,execution_time,error
1.9666244e-05,-0.5836486,50.4027943611145,3277.7759149753892
3.586407e-05,0.010629504,50.4027943611145,3277.7759149753892
0.46765482,0.48178294,50.4027943611145,3277.7759149753892
-0.0006232561,-0.43711004,50.4027943611145,3277.7759149753892
0.00089205406,-0.085018225,50.4027943611145,3277.7759149753892
0.5231844,0.47836527,50.4027943611145,3277.7759149753892
