alpha,beta,execution_time,error
1.8257254,0.8205469,46.139095067977905,695671.3497305568
0.5249222,-0.39350042,46.139095067977905,695671.3497305568
0.020344792,-0.009814038,46.139095067977905,695671.3497305568
0.51742464,-0.4144442,46.139095067977905,695671.3497305568
