alpha,beta,execution_time,error
,,44.60135817527771,
,,44.60135817527771,
,,44.60135817527771,
