alpha,beta,execution_time,error
0.011344053,0.3533843,51.274856090545654,926.4769204636619
-0.015077099,-0.52130353,51.274856090545654,926.4769204636619
-0.020404799,0.6266769,51.274856090545654,926.4769204636619
0.08783903,-0.45895332,51.274856090545654,926.4769204636619
