alpha,beta,execution_time,error
,,62.12940692901611,
,,62.12940692901611,
,,62.12940692901611,
,,62.12940692901611,
,,62.12940692901611,
,,62.12940692901611,
,,62.12940692901611,
,,62.12940692901611,
,,62.12940692901611,
,,62.12940692901611,
,,62.12940692901611,
,,62.12940692901611,
,,62.12940692901611,
,,62.12940692901611,
,,62.12940692901611,
,,62.12940692901611,
,,62.12940692901611,
,,62.12940692901611,
,,62.12940692901611,
,,62.12940692901611,
,,62.12940692901611,
,,62.12940692901611,
,,62.12940692901611,
,,62.12940692901611,
,,62.12940692901611,
