alpha,beta,execution_time,error
-0.47692525,0.70736134,45.25064969062805,3450.047005572538
-0.53517103,0.706852,45.25064969062805,3450.047005572538
