alpha,beta,execution_time,error
-0.00059899647,0.45031548,58.81556534767151,1609.8412497471709
-0.00048033876,-0.052486025,58.81556534767151,1609.8412497471709
-0.00056733063,0.40715212,58.81556534767151,1609.8412497471709
0.092465326,-0.7928987,58.81556534767151,1609.8412497471709
