alpha,beta,execution_time,error
1.8308892,0.81993735,45.2289457321167,695675.6591310884
0.5281719,-0.40041584,45.2289457321167,695675.6591310884
0.01939802,-0.007883753,45.2289457321167,695675.6591310884
0.516825,-0.40903273,45.2289457321167,695675.6591310884
