alpha,beta,execution_time,error
0.64374715,-0.706121,47.638389110565186,21092.761259248262
-0.0034334515,0.70809096,47.638389110565186,21092.761259248262
-0.0006982701,0.00056235935,47.638389110565186,21092.761259248262
