alpha,beta,execution_time,error
0.4972413,0.40934023,46.060975551605225,41135.88303147017
0.05905959,-0.81600344,46.060975551605225,41135.88303147017
-0.4988699,0.4081231,46.060975551605225,41135.88303147017
-0.0022369362,-0.003809372,46.060975551605225,41135.88303147017
