alpha,beta,execution_time,error
-1.2339205,-0.7083194,46.6400842666626,706527.7489793218
-0.007441379,0.03054021,46.6400842666626,706527.7489793218
-0.01003463,-0.012918351,46.6400842666626,706527.7489793218
-0.48926657,0.0010575879,46.6400842666626,706527.7489793218
0.014023146,0.01814777,46.6400842666626,706527.7489793218
0.003881995,-0.026466615,46.6400842666626,706527.7489793218
-1.3859801,0.7043561,46.6400842666626,706527.7489793218
0.0970153,-0.005971968,46.6400842666626,706527.7489793218
