alpha,beta,execution_time,error
1.4482981,-0.6915826,46.718642711639404,712897.5082609658
0.027455851,-0.0024649594,46.718642711639404,712897.5082609658
0.4132901,0.13291463,46.718642711639404,712897.5082609658
0.13992074,-0.075073935,46.718642711639404,712897.5082609658
-0.17570774,0.07944934,46.718642711639404,712897.5082609658
-0.43289235,-0.13667895,46.718642711639404,712897.5082609658
-0.011148004,0.0014294421,46.718642711639404,712897.5082609658
1.4400294,0.6880357,46.718642711639404,712897.5082609658
-0.12701097,0.0040509966,46.718642711639404,712897.5082609658
