alpha,beta,execution_time,error
-0.2622231,0.70839995,45.46803283691406,687198.205312064
0.008872541,-0.0016264727,45.46803283691406,687198.205312064
-1.8788306,-0.7058095,45.46803283691406,687198.205312064
