alpha,beta,execution_time,error
-0.0010232427,0.057845756,45.9859664440155,118.57007109767248
-0.00078617764,0.10760113,45.9859664440155,118.57007109767248
0.0007705769,0.46384144,45.9859664440155,118.57007109767248
0.0010535384,0.82057315,45.9859664440155,118.57007109767248
0.03883142,0.31078404,45.9859664440155,118.57007109767248
